,Positive distance,Negative distance
0,5.9885173,24.85022
1,4.8127823,19.743162
2,6.08099,12.926878
3,3.9746473,26.860449
4,1.6848989,18.65982
5,4.766831,12.827798
6,6.4117103,11.831399
7,8.482086,14.593622
8,3.777062,14.401981
9,4.8360834,13.912325
10,3.8255308,19.180223
11,4.2844067,16.718613
12,6.4983644,17.665943
13,5.058525,7.368453
14,5.785261,26.531902
15,5.121193,15.2986555
16,4.0977573,15.528482
17,1.474565,18.019178
18,7.024582,21.653824
19,2.7081735,26.422998
20,4.665147,25.147022
21,2.840405,25.461355
22,14.43613,41.49066
23,3.395378,20.228277
24,2.1147895,13.826229
25,6.0858316,21.712769
26,3.985073,19.95
27,2.972713,18.005268
28,3.116769,6.5027
29,3.2700248,25.26168
30,4.056251,15.744904
31,3.6187916,13.133273
32,6.166521,12.611976
33,5.0727224,25.960194
34,4.015901,16.388964
35,4.4891047,23.7312
36,2.6643772,16.54459
37,2.4729297,25.850616
38,5.925411,17.081438
39,7.022709,25.009193
40,3.7000608,21.839973
41,3.4034433,14.939772
42,4.5033426,25.911493
43,7.1672115,22.9131
44,2.369851,21.352894
45,5.201971,16.79201
46,4.6943684,15.17713
47,6.337546,17.735458
48,3.5701685,23.838207
49,5.155303,20.177761
50,4.2811537,17.098328
51,2.95057,12.26709
52,7.3056483,15.243263
53,6.3765755,20.086956
54,5.988206,18.71326
55,5.873064,14.417238
56,2.2666001,15.03845
57,4.260024,22.751709
58,4.0038857,17.313
59,4.268712,12.634384
60,5.793683,16.569
61,4.4220066,23.399815
62,8.527138,24.809725
63,3.7413054,20.065147
64,6.086219,13.042936
65,3.8940358,21.544727
66,6.707586,20.047665
67,5.7805586,12.504438
68,5.573799,27.379128
69,4.8772135,28.537968
70,4.6210465,23.343418
71,4.7485294,14.482369
72,7.091974,16.421516
73,3.5636759,17.093155
74,8.50807,20.516922
75,5.389322,13.145779
76,3.8365068,26.800959
77,5.826043,23.394615
78,4.0779834,8.584922
79,2.9925137,21.93866
80,5.2191086,24.146175
81,4.0803804,14.011864
82,6.7406025,25.737637
83,3.6457677,17.542728
84,3.7906816,18.417877
85,6.4050436,15.370444
86,5.5305347,19.163757
87,3.4048097,22.5579
88,5.4219055,13.604826
89,5.628764,16.794022
90,5.7578106,27.329689
91,3.4033704,27.47447
92,3.0582268,14.623774
93,6.1813226,21.977606
94,5.4915047,27.865677
95,2.1426468,14.559742
96,6.3043656,26.799665
97,3.4854136,17.84174
98,4.7374616,18.562016
99,5.1387115,25.521877
100,3.6002865,19.132744
101,6.1704464,29.41594
102,5.870699,13.134571
103,3.828989,15.5445385
104,9.465159,24.728756
105,5.042329,19.241932
106,6.7258205,21.574726
107,6.5955153,21.464058
108,4.024629,20.637756
109,5.0580235,12.068677
110,6.959033,15.552437
111,7.0851197,20.983665
112,6.970563,21.473484
113,3.5244293,14.797035
114,5.9076004,26.485064
115,4.030821,15.912375
116,9.7148285,8.67354
117,2.862677,17.715126
118,3.8827462,14.096223
119,4.6146455,13.9604025
120,5.5427966,25.615314
121,3.6572819,19.518482
122,4.250487,9.49165
123,8.500435,20.441353
124,10.528145,22.22157
125,1.42382,11.775388
126,6.229844,17.410519
127,4.7288694,23.69851
128,7.3003893,11.779909
129,2.5887675,32.534523
130,4.7064066,14.271866
131,5.552404,24.528336
132,5.0843716,14.622091
133,8.11104,26.860958
134,7.136445,24.575382
135,3.1146307,19.593063
136,8.384993,31.962582
137,9.727131,27.80931
138,2.337975,16.219887
139,3.4924943,18.980503
140,6.686254,24.898434
141,1.7634635,24.0843
142,4.7593904,14.860411
143,5.8714046,26.154892
144,3.6859257,17.184044
145,5.2342205,15.055117
146,3.9787574,23.891535
147,6.1901464,21.080776
148,5.66601,24.986557
149,5.560684,10.9469595
150,2.6673336,20.542849
151,3.0492132,20.561792
152,9.029345,18.61702
153,4.187019,21.998648
154,8.099762,23.678822
155,3.2751598,26.821617
156,3.9143481,19.095905
157,7.6918097,19.996614
158,2.4761972,24.137192
159,2.7477603,18.816217
160,7.586897,13.17165
161,2.4350772,25.425362
162,7.230193,18.67866
163,5.726596,27.784893
164,3.3011708,18.4834
165,8.64542,27.957973
166,9.240777,23.431675
167,9.386843,27.575884
168,5.3891354,30.05751
169,4.028451,12.7348585
170,3.9823103,28.346561
171,5.678028,11.709242
172,6.086625,12.378416
173,4.3810744,22.551151
174,4.9869556,24.533737
175,4.5371714,13.57941
176,5.1267567,18.984547
177,7.9939327,19.910164
178,1.994796,25.926842
179,6.4725056,12.573212
180,4.438693,23.427202
181,5.1338263,18.982578
182,3.6925058,22.126999
183,8.611465,10.275309
184,3.901158,15.310911
185,7.481889,14.540158
186,7.3768516,21.035713
187,4.7797136,7.469947
188,8.117897,26.403048
189,6.968017,24.701424
190,8.010445,23.105873
191,5.2861757,19.266304
192,2.7601154,15.395056
193,3.327447,20.064375
194,4.9582605,18.878874
195,1.7691408,10.507158
196,3.144226,16.281048
197,4.0042086,22.981613
198,5.9697742,27.527124
199,3.6645074,24.215382
200,5.2038727,21.672506
201,2.7808838,19.904667
202,6.389719,9.676069
203,2.8963113,22.551403
204,4.990761,18.828247
205,4.452066,11.798037
206,3.3636675,17.10746
207,6.0838346,40.169437
208,1.0799053,23.125202
209,2.2980359,13.214865
210,6.447402,28.665585
211,6.5495286,20.715145
212,4.515706,28.636452
213,3.9993799,19.49242
214,3.2131596,20.530464
215,4.7552395,28.07933
216,2.307466,16.13949
217,4.319589,14.685013
218,4.59301,11.607291
219,3.214605,24.85496
220,2.942639,7.9858284
221,4.5329933,29.361654
222,5.5093937,27.427917
223,2.5308273,4.409931
224,5.909259,23.52164
225,4.5179586,13.214031
226,4.5988874,24.0254
227,5.4018974,10.125458
228,2.2515283,17.823673
229,2.6671188,21.853851
230,3.634711,13.085844
231,3.1901946,23.22047
232,5.4018054,25.7069
233,5.4706187,12.34395
234,1.9529393,33.374172
235,3.2849483,27.073025
236,5.0271416,25.666145
237,2.0984693,11.197649
238,5.8191032,16.167454
239,6.7187834,25.056458
240,3.205462,9.734812
241,2.1787663,29.698315
242,6.620463,27.425556
243,7.483963,14.106078
244,5.0523276,26.655006
245,5.1224337,17.480196
246,4.636572,28.324661
247,4.0839314,10.825346
248,4.270108,16.864143
249,4.684449,26.299017
250,1.2341979,25.277473
251,3.2783823,25.83463
252,4.690634,11.944786
253,2.0862637,13.682716
254,3.5656166,24.669884
255,4.058966,15.967036
256,3.1331735,15.234436
257,5.200488,11.923401
258,4.4612923,20.438332
259,4.5497193,26.475428
260,5.604692,19.289547
261,2.3862305,12.429917
262,8.395689,23.463781
263,3.5378492,25.420712
264,5.1741514,24.264786
265,7.1641264,19.932503
266,4.6389494,22.813377
267,6.0661488,9.017258
268,3.5839834,11.13229
269,3.3477974,39.381824
270,2.6690621,18.542664
271,2.3956122,15.149338
272,5.5111303,16.305954
273,4.955908,16.80835
274,5.1180096,24.033825
275,8.721114,26.295229
276,1.8733184,14.028632
277,3.2671878,15.937693
278,5.564146,18.149181
279,4.907487,22.546877
280,3.5613353,20.785217
281,1.4042785,10.315004
282,4.666215,22.188921
283,2.4160032,16.34533
284,4.5751095,32.79341
285,3.6262767,16.393513
286,5.0047474,35.712875
287,3.8689432,10.762559
288,3.5316658,19.17199
289,3.411997,20.595793
290,5.1539893,17.868599
291,5.1539826,26.607742
292,3.866222,17.48967
293,6.863691,21.459084
294,6.465716,21.195599
295,4.202405,23.056084
296,3.3768735,9.012703
297,3.1216302,15.109858
298,3.5692124,12.533701
299,7.779601,24.995197
300,3.670598,23.585794
301,4.2471466,23.818916
302,1.5597003,20.167294
303,3.3926504,21.68534
304,2.6869717,27.553368
305,7.183777,16.330534
306,5.155588,7.185972
307,3.1406822,16.20314
308,5.120918,20.852345
309,4.6900606,22.88016
310,2.6714025,11.876805
311,2.8331265,15.132938
312,5.5786586,12.978084
313,6.548236,37.64459
314,5.8711877,19.476624
315,6.4536157,18.53731
316,2.734645,16.041578
317,7.604328,28.938068
318,8.954828,31.465008
319,6.395191,12.289655
320,2.8645823,21.165281
321,3.9800441,20.107536
322,4.252468,23.651882
323,5.1854825,11.3261385
324,4.1059823,13.595818
325,4.3416467,19.418161
326,8.653158,27.012989
327,3.8294613,24.937792
328,5.6424265,18.783749
329,4.3281527,19.557262
330,5.6946664,19.11027
331,5.817786,20.18073
332,2.6086493,19.78991
333,5.829693,12.119016
334,6.645974,21.103418
335,5.3463264,24.395067
336,5.057081,19.006672
337,1.9492643,13.460367
338,2.4390788,28.528744
339,3.335435,25.35552
340,4.2900295,9.560003
341,3.8944411,18.539179
342,5.2361336,17.117996
343,3.2936873,17.351723
344,3.3313358,19.10387
345,2.3081267,21.93069
346,5.2892823,24.381527
347,1.5524135,20.418964
348,6.6495795,23.751534
349,4.925618,22.861473
350,6.3784866,23.176012
351,5.0428386,15.378079
352,5.924838,27.235569
353,5.9549184,17.265392
354,4.5541034,17.10973
355,9.301605,18.714445
356,2.4614117,24.046848
357,4.435261,26.82819
358,3.0888948,13.960188
359,6.1492925,11.430373
360,4.427816,16.276314
361,2.5129986,13.516253
362,5.277978,23.275242
363,6.9353228,19.312378
364,8.284361,22.249039
365,2.3055897,16.823166
366,2.7427878,20.890726
367,3.6702254,26.725576
368,6.757716,23.028925
369,5.2435513,24.52396
370,3.3780432,13.405298
371,5.9810314,21.972412
372,6.509873,13.9941
373,5.7309837,30.522121
374,5.3179827,17.311954
375,7.8541822,20.189198
376,5.451332,28.179176
377,4.1694994,24.916555
378,5.283261,12.765952
379,1.9755653,18.666073
380,2.6561015,14.770855
381,8.515009,19.815823
382,4.190705,17.825895
383,6.2699537,24.250069
384,5.711282,22.209957
385,3.6983101,13.788085
386,3.7709951,6.9186683
387,5.8590164,16.833046
388,3.8589897,12.915399
389,1.7071964,21.378626
390,2.4299998,18.252953
391,6.29718,19.987698
392,3.929007,13.627594
393,5.3615794,19.934853
394,2.6142826,24.885033
395,3.1483495,15.029995
396,7.060989,16.216105
397,3.7891984,16.240292
398,3.2334075,18.030346
399,3.1725469,14.088194
400,3.349083,18.23691
401,6.7207155,16.861687
402,7.087487,26.144552
403,2.4551988,12.897755
404,3.726143,18.268314
405,2.8704946,18.237198
406,2.050374,22.580444
407,1.7285647,24.09206
408,3.4063978,27.22488
409,6.593213,11.048659
410,4.4288044,8.445031
411,7.735514,18.433575
412,2.54314,29.346252
413,2.228571,11.469007
414,2.613809,13.290207
415,4.0717387,23.90699
416,5.525461,22.366285
417,5.0859013,26.517519
418,3.6691773,17.724901
419,6.5672445,11.324334
420,2.4273741,25.824099
421,5.6533785,14.633507
422,2.491395,20.490368
423,4.4758472,22.44902
424,6.818076,15.719311
425,4.3999796,14.256771
426,1.0511042,17.375986
427,6.9698534,19.626179
428,1.0485135,18.369759
429,3.1769166,18.88318
430,3.9516895,22.754025
431,5.724386,11.363136
432,2.748158,14.23007
433,5.332024,32.78327
434,5.579918,17.412054
435,3.8775113,27.694057
436,3.0117176,15.579131
437,5.2923346,11.473948
438,5.2607746,18.381172
439,3.6759367,11.35746
440,5.957509,21.491352
441,5.7720838,15.569868
442,2.598034,16.568922
443,3.539598,12.628769
444,6.2441664,15.739718
445,5.5625286,8.917188
446,5.3198485,22.448307
447,4.4480057,20.516542
448,1.8386843,15.682732
449,8.235549,24.554111
450,3.0916617,19.558266
451,4.233241,19.965109
452,3.0607657,13.491972
453,3.0451775,27.079292
454,3.680091,31.917439
455,4.6332545,10.517393
456,7.1084805,11.463907
457,8.28083,25.799728
458,4.5618687,13.8736105
459,7.893075,23.611767
460,6.157316,9.232673
461,4.580461,27.518724
462,2.0566006,21.209137
463,4.8420944,26.264095
464,4.5232277,19.833843
465,4.2473073,13.82637
466,4.813805,13.251129
467,8.342135,22.55262
468,5.97902,23.940145
469,6.157093,22.86996
470,3.9246922,12.772006
471,7.830291,18.078093
472,4.1751704,22.21872
473,8.1143875,24.059895
474,5.4266305,23.993475
475,3.4182262,18.08496
476,6.2718916,16.494226
477,5.5143824,18.889694
478,6.270214,23.169222
479,1.5330982,13.8749695
480,4.6750417,27.183142
481,5.8501654,19.287823
482,6.008355,23.869051
483,0.6247005,16.02683
484,5.12782,13.990746
485,5.9465847,15.241346
486,3.4351935,25.944025
487,6.140545,13.52791
488,4.324482,18.102318
489,4.739596,11.57622
490,3.9723792,20.324087
491,3.846561,21.320883
492,7.467063,16.514446
493,9.589947,17.496588
494,7.0867157,16.735424
495,7.5214577,26.055153
496,5.595953,23.155764
497,3.107203,19.587296
498,5.9841986,22.52516
499,2.7122114,14.163614
500,3.833267,15.1448345
501,4.8947835,21.851078
502,4.058571,16.421555
503,2.6987872,16.359005
504,5.191869,12.984844
505,8.069542,21.309074
506,3.0532079,18.05833
507,3.3651557,26.65792
508,7.903385,18.351524
509,4.648356,21.907518
510,5.5085316,12.081886
511,5.6107206,25.12724
512,2.560592,20.602695
513,4.1772213,22.076065
514,4.163613,23.141148
515,3.7842336,16.00312
516,4.0479493,16.59745
517,3.3907878,23.657303
518,4.4040914,14.2575
519,2.4520516,18.607166
520,3.8155317,18.340664
521,5.159842,26.447933
522,3.4155443,19.581804
523,7.833008,16.802649
524,11.6198635,15.893581
525,5.2628813,17.827393
526,3.5817049,9.253689
527,6.309245,22.960548
528,2.9895415,19.9624
529,8.801455,27.066063
530,4.6174335,16.372463
531,5.6910343,27.706211
532,6.6119328,19.466007
533,3.411973,15.014759
534,2.4703348,9.736606
535,4.6372285,19.114937
536,6.594263,17.247334
537,6.369732,12.5925
538,11.468,21.896278
539,4.9908514,16.850468
540,4.7999997,21.546486
541,1.7071444,19.661545
542,8.728367,24.006527
543,5.183485,15.898655
544,6.787198,20.396082
545,7.1624594,28.201683
546,3.182826,20.654758
547,6.4541736,26.047606
548,8.237986,23.193794
549,2.419931,19.686974
550,3.686183,32.076477
551,5.6914244,18.146545
552,3.8610132,24.580498
553,7.430219,25.437622
554,6.823328,30.65117
555,5.1409855,19.481586
556,8.803112,27.01141
557,2.2950659,17.134422
558,2.9419065,25.873806
559,6.645345,15.605504
560,2.4781923,16.011265
561,4.4553456,19.561573
562,11.861192,27.450245
563,5.159864,12.53462
564,4.4545064,27.20425
565,6.43618,21.311436
566,3.4952333,22.447006
567,2.5667117,20.5802
568,4.0721607,12.357748
569,3.4449434,9.451225
570,4.2245264,11.190917
571,5.5479097,26.4472
572,4.0418987,19.329727
573,3.906261,14.920092
574,7.1824527,28.5724
575,7.9898343,16.23587
576,4.2266073,12.354315
577,3.4999485,15.974096
578,7.3440347,29.312294
579,4.68789,9.843676
580,4.0189204,12.003328
581,6.09994,22.197239
582,3.734549,12.320386
583,6.579997,28.355474
584,5.899083,22.547836
585,6.4788294,26.720951
586,3.3146734,18.606936
587,8.4585705,21.706259
588,4.5403147,17.56833
589,5.6106806,23.13441
590,9.8825035,22.483135
591,4.8499184,22.456566
592,3.369842,21.77682
593,5.6334124,14.5173
594,1.8676136,35.058403
595,1.8837707,15.755726
596,4.91153,20.635895
597,5.604253,20.899353
598,5.473343,17.739645
599,5.336416,20.32764
600,4.0245953,27.566128
601,5.0441537,25.154009
602,7.086808,22.116522
603,5.2912946,15.380401
604,2.5634882,18.54609
605,4.140085,18.092646
606,4.858023,14.7706785
607,5.7740393,28.54446
608,7.6566887,24.536
609,6.074708,8.470079
610,5.2254524,23.82109
611,5.3609943,24.329565
612,1.4999619,19.062523
613,7.08034,21.918709
614,6.4221525,12.903183
615,6.1520286,19.159132
616,4.3065596,19.91656
617,3.0361311,22.218765
618,4.5525637,24.412952
619,4.668108,28.198093
620,7.2074585,24.550686
621,6.735195,28.593029
622,5.73459,14.16494
623,3.5093057,12.3548
624,4.516904,12.919941
625,5.9183993,17.458618
626,3.2268152,12.235546
627,5.743351,14.62669
628,5.31843,13.496859
629,2.214817,30.118591
630,7.170897,21.784004
631,4.4475145,20.047203
632,3.8439188,28.983501
633,3.271042,24.636982
634,4.356756,18.988407
635,4.5482435,15.152081
636,3.3921354,12.463671
637,5.8884134,26.052767
638,10.187153,21.252045
639,5.118191,22.344463
640,3.7495623,29.359417
641,5.4739223,16.356796
642,6.771063,20.322838
643,5.2425957,10.9753275
644,5.077937,27.20927
645,6.078954,12.337372
646,3.867819,13.073701
647,6.1469717,12.650236
648,4.8018446,28.248909
649,4.048743,23.720566
650,5.760513,19.149498
651,8.33634,23.272669
652,5.431305,16.021044
653,6.6236563,22.45803
654,2.5794506,18.005358
655,3.1143796,15.725211
656,2.9300122,13.685612
657,9.709786,18.433214
658,6.1339216,16.572548
659,5.9072957,22.460989
660,6.1294556,27.658825
661,4.6534414,18.174183
662,4.0497704,20.547943
663,3.2619317,23.369034
664,3.2817595,13.844706
665,4.229003,34.142876
666,8.6091385,33.56175
667,4.942222,21.04758
668,2.178103,33.375256
669,4.564352,12.959637
670,2.8100271,27.738663
671,3.057031,19.554539
672,5.462486,28.97409
673,5.935523,16.355774
674,7.772168,27.913122
675,7.70405,11.701901
676,4.7652698,17.770712
677,5.2642612,19.917751
678,2.9225855,14.838297
679,7.1646147,13.265593
680,8.0444355,18.175991
681,4.7848268,15.396509
682,6.711252,30.716463
683,6.655232,18.889898
684,2.2501688,11.281734
685,8.162476,25.273758
686,2.6762574,16.81123
687,3.3294,13.396061
688,2.7022018,27.903519
689,5.9167285,16.053814
690,4.7909665,26.451801
691,3.4265327,20.211699
692,5.298878,8.058228
693,6.049872,12.659493
694,4.0358562,14.747978
695,7.91097,20.52422
696,5.2385335,17.85749
697,2.9434705,11.673129
698,1.9893798,15.417963
699,3.8925476,14.979126
700,5.437109,25.538872
701,3.7189314,10.300468
702,4.5449715,27.411793
703,3.6164207,28.597454
704,7.6039214,33.018585
705,5.088705,8.601849
706,8.6499,22.809837
707,7.0483403,22.7094
708,4.9276695,14.623264
709,7.944917,27.565125
710,6.09757,13.241596
711,1.5710816,19.143288
712,4.740185,28.166086
713,5.069067,21.798166
714,3.178832,23.31493
715,4.119851,14.940134
716,4.2616096,16.297092
717,5.342948,17.382393
718,6.2311115,18.544926
719,3.5174556,8.144388
720,6.9192977,19.686163
721,7.124488,24.03556
722,5.325246,18.382566
723,2.4171903,24.88171
724,5.831627,16.57844
725,10.427685,18.39095
726,3.8467546,21.074917
727,4.947895,22.26147
728,3.0935364,12.233465
729,8.4022045,27.205969
730,4.441764,16.559525
731,7.3259587,25.81866
732,5.396119,23.614737
733,6.5457516,17.079037
734,2.8453455,16.419035
735,4.1975203,13.11751
736,6.165362,25.304306
737,2.4940212,13.3130455
738,2.885276,20.785446
739,3.766367,24.563763
740,5.876528,19.281225
741,8.241546,18.123808
742,3.6910224,29.643162
743,3.1491833,21.36408
744,7.041255,18.321077
745,3.9044387,15.739456
746,5.86462,25.43357
747,8.314287,21.517223
748,6.364518,26.128637
749,4.3641667,29.847618
750,5.000749,21.863695
751,3.7379024,18.2789
752,3.780641,19.627045
753,3.247515,25.486795
754,5.4243197,32.98704
755,3.7679753,25.450691
756,3.2945647,14.862641
757,4.7401032,10.577816
758,4.6743965,15.616867
759,2.1117845,15.769973
760,5.0809298,23.413605
761,8.868142,18.844826
762,7.3528814,21.928068
763,3.826394,9.177021
764,4.5764437,15.947285
765,3.383868,20.10624
766,4.1595087,13.63644
767,7.074601,27.849289
768,1.5373652,16.86995
769,1.7985141,14.132942
770,4.0395107,22.412613
771,5.2167754,12.33675
772,2.9332798,21.949919
773,7.391079,19.290363
774,10.394266,29.543047
775,9.432901,24.598934
776,4.5884748,26.908535
777,5.106134,19.77184
778,6.8227205,29.275257
779,4.783801,19.723337
780,4.241425,18.559622
781,4.679744,18.31894
782,3.786367,15.470611
783,4.6827126,21.916725
784,5.2378974,23.432713
785,3.93301,22.626524
786,4.3544884,14.711368
787,6.195217,27.578838
788,5.168096,11.573957
789,3.6893883,20.679775
790,5.840111,21.167625
791,3.150157,26.40928
792,5.7102065,15.111881
793,5.289241,19.252766
794,6.757013,30.090273
795,3.4629931,15.370767
796,5.6423244,15.814159
797,3.2199783,11.322366
798,2.6251366,24.096876
799,9.064535,25.251383
800,7.874061,20.807793
801,4.2114906,16.44353
802,5.659564,30.101963
803,3.8913782,21.780605
804,5.032832,9.974021
805,4.170592,18.28714
806,5.278618,12.989115
807,3.0939426,26.007902
808,8.138355,19.158567
809,3.3886752,14.568838
810,5.825264,21.198895
811,4.5507684,25.324059
812,6.7447786,22.018057
813,6.4006443,22.66875
814,3.6349022,14.90303
815,5.097394,8.172913
816,7.2128954,21.377298
817,3.498828,20.391327
818,5.448803,22.323208
819,2.844246,24.948008
820,5.5213065,20.227201
821,5.17495,21.933628
822,4.1504436,20.069496
823,4.3752837,21.647694
824,5.739101,13.788032
825,8.524923,18.013973
826,2.912255,12.598216
827,2.917902,14.09429
828,5.418172,20.702106
829,5.6109138,19.637493
830,3.7477384,12.298818
831,6.343523,24.352837
832,6.613668,9.539452
833,3.6284208,19.914389
834,0.38005337,16.429916
835,4.25726,15.516666
836,5.2556367,12.7956505
837,4.160162,18.99966
838,2.3603716,28.598402
839,2.6498542,17.799221
840,5.8328886,25.104074
841,5.0606527,21.303766
842,5.515378,25.723663
843,1.4949911,23.969551
844,4.7924137,15.519762
845,7.3815827,24.284197
846,2.3071804,13.933283
847,2.5864372,17.931173
848,9.86491,14.008707
849,5.809422,16.06313
850,4.2497044,17.36218
851,6.152981,11.315815
852,2.2002962,11.819195
853,4.5117817,17.030556
854,3.8740926,15.947356
855,5.1719666,19.261808
856,4.5314403,12.174176
857,3.4431238,21.60979
858,7.7944965,21.23862
859,4.2310023,36.146072
860,8.260761,26.80838
861,4.9090624,23.25958
862,3.7542715,24.613804
863,6.658598,17.193443
864,6.587303,21.382792
865,9.278578,20.95958
866,4.4765906,9.949723
867,6.621207,19.43616
868,8.776617,28.369236
869,1.056824,24.900423
870,5.235663,14.134597
871,5.192709,18.069162
872,5.2121353,24.319115
873,3.85785,13.171686
874,5.1825047,11.0168495
875,2.4192195,14.721479
876,6.634807,13.778954
877,4.1141124,10.020202
878,8.513222,20.75846
879,2.9090219,10.815085
880,3.2626393,23.291098
881,3.7266707,21.081665
882,5.613194,23.57132
883,3.344963,15.569976
884,4.4742146,9.268475
885,4.6536403,18.619698
886,7.8706856,26.621605
887,2.611581,22.227585
888,10.687708,20.103756
889,4.6624217,11.872068
890,5.746358,26.850693
891,8.362518,15.622585
892,3.9412723,17.416843
893,4.125328,21.800571
894,5.99981,12.787569
895,7.109383,11.829427
896,3.5653644,10.24122
897,5.54561,19.907967
898,5.196764,16.014753
899,6.880999,20.781567
900,7.3320427,19.91705
901,7.688394,24.338432
902,1.8796667,21.5891
903,3.4904537,11.220249
904,8.204602,14.890806
905,9.670958,28.442043
906,3.1984484,16.518906
907,5.5606456,16.467213
908,4.7671795,22.009964
909,4.248646,23.552315
910,5.967334,13.44014
911,7.265073,13.026405
912,4.6815643,22.674484
913,3.2193017,20.797318
914,4.2558866,21.654451
915,3.0003684,23.837877
916,5.2456217,16.771461
917,2.685297,32.196564
918,4.8887157,14.090559
919,7.1317873,32.55149
920,4.4404,37.214252
921,3.4176183,20.322086
922,5.243018,12.854914
923,4.143805,14.1790085
924,4.0776763,18.958618
925,2.0534182,19.855942
926,6.502064,18.881563
927,4.280093,25.768345
928,4.346238,5.9938793
929,3.7541018,15.34702
930,6.710553,17.641186
931,10.752134,20.7809
932,2.0655046,17.74804
933,2.9753478,15.623304
934,6.106656,25.35452
935,9.975382,28.497389
936,7.5695415,20.631763
937,4.6153455,18.574665
938,4.352515,17.120579
939,1.4384705,12.016949
940,6.8367753,17.220325
941,5.460143,23.7801
942,2.2076304,18.66454
943,5.8875933,22.324718
944,3.2490487,17.775726
945,1.5983524,10.730698
946,2.0423412,5.1542625
947,4.752847,19.005968
948,4.069792,12.703092
949,4.48533,26.144093
950,4.3978167,14.836711
951,12.4744425,18.192226
952,4.1040955,18.250116
953,4.2586513,17.992872
954,1.8397331,19.720932
955,4.8563166,21.238552
956,7.5626693,35.877983
957,5.703152,23.010674
958,3.2331064,27.958078
959,5.9941597,25.695927
960,5.5341225,27.518555
961,2.1564507,11.897638
962,5.313401,27.960485
963,4.435762,21.549755
964,3.286808,23.062626
965,5.4082613,20.642637
966,8.542769,23.600565
967,8.974761,28.030857
968,3.706639,15.622079
969,5.8043647,16.966236
970,3.3612893,16.935375
971,1.0823522,14.726986
972,3.3004975,27.282196
973,7.0140643,25.306625
974,4.24901,15.358725
975,5.2148232,18.681824
976,2.908118,24.543875
977,4.814041,27.36597
978,3.0995855,12.754223
979,5.750964,19.883816
980,4.9442034,28.042057
981,6.757225,19.636894
982,4.724682,13.393081
983,4.063753,13.493356
984,7.7974563,10.878899
985,2.5636966,21.022636
986,4.339591,17.956142
987,1.3006039,24.363321
988,2.3759053,22.621357
989,2.9988499,17.970379
990,7.2039537,42.798042
991,6.28195,8.280945
992,7.348468,18.71941
993,7.322951,18.337582
994,4.9419994,20.906399
995,4.4099164,19.525097
996,5.4025726,15.704816
997,5.8824863,13.505453
998,4.133957,15.840235
999,4.8891764,12.156022
1000,5.720791,16.102541
1001,4.0293913,22.573948
1002,4.847022,21.638222
1003,4.721999,20.554123
1004,4.078697,9.756695
1005,3.6924706,6.722677
1006,5.4826975,10.247936
1007,3.6562557,26.688478
1008,2.5268617,20.630264
1009,3.5265307,15.304109
1010,2.9376514,13.227926
1011,6.457136,18.884298
1012,4.299155,13.57961
1013,2.608166,18.50941
1014,6.704197,17.265858
1015,3.3653698,20.549
1016,4.2574177,25.03152
1017,5.7683954,18.402517
1018,7.9103165,32.7143
1019,3.8628278,18.014433
1020,3.3344903,20.667728
1021,4.704645,20.927511
1022,6.8479395,18.657867
1023,3.5650256,18.193401
1024,3.8870544,8.886219
1025,6.4214044,13.40866
1026,2.2185183,8.743029
1027,2.942329,11.8998165
1028,7.1741924,19.29824
1029,6.1048536,23.36955
1030,4.346657,17.45965
1031,5.5204678,21.105122
1032,6.3169866,30.17413
1033,6.4518013,12.935194
1034,7.4413776,23.441435
1035,3.3731134,28.621029
1036,5.721993,23.602985
1037,5.8975134,17.911453
1038,2.3985827,17.475853
1039,6.4560366,22.301775
1040,4.47805,11.350044
1041,4.0031295,15.038524
1042,3.157306,23.916237
1043,5.519365,33.745636
1044,4.4600067,13.802181
1045,4.325126,14.831518
1046,4.442818,23.97989
1047,3.9508958,28.40691
1048,5.396252,23.72509
1049,7.5385175,17.98927
1050,3.3098555,5.7085724
1051,5.8750896,19.084488
1052,6.3239374,12.256071
1053,4.4013324,10.642786
1054,7.81618,16.019577
1055,4.2163277,21.123037
1056,5.9357367,22.479406
1057,5.658041,14.778721
1058,6.527423,33.76699
1059,6.068018,19.921928
1060,3.909339,16.864481
1061,5.6909437,16.818213
1062,7.318634,32.035763
1063,5.0380526,26.21651
1064,5.3079004,19.267818
1065,5.698568,29.162086
1066,4.724054,24.987112
1067,2.746938,19.723206
1068,5.49137,18.161491
1069,8.362835,21.163576
1070,6.0405946,33.254906
1071,8.084902,18.837479
1072,7.1608696,13.29377
1073,5.833828,15.283912
1074,6.5581064,16.70771
1075,5.2662783,29.56685
1076,3.239765,16.466034
1077,5.6671886,12.876322
1078,4.3047943,14.736622
1079,5.204292,23.372921
1080,1.4426882,13.756737
1081,2.9224114,12.549104
1082,2.9201999,19.506823
1083,7.99038,21.663492
1084,6.147935,18.951416
1085,5.4724298,15.623747
1086,4.431594,26.169964
1087,4.8197746,21.84468
1088,4.51361,22.415462
1089,5.2728357,26.530216
1090,6.0116205,17.997595
1091,5.2119007,12.496563
1092,3.5614104,22.059452
1093,4.098871,9.858648
1094,7.730176,24.94161
1095,5.1346025,21.728157
1096,3.4754677,21.100838
1097,4.164362,20.4449
1098,5.1575665,18.935238
1099,6.430131,21.863781
1100,6.74514,21.058836
1101,4.6744165,22.141819
1102,5.4174156,14.97589
1103,4.9158754,10.64085
1104,3.8374221,17.025253
1105,4.4727244,28.189278
1106,6.9287934,13.952166
1107,6.6242137,23.764633
1108,5.064495,11.7929325
1109,6.0842752,20.65067
1110,4.605132,21.509926
1111,3.6728349,17.865192
1112,5.588889,15.3957615
1113,3.0817556,21.052822
1114,5.0417347,16.50148
1115,4.861664,24.231852
1116,4.0274916,25.175533
1117,3.2792778,16.515549
1118,10.558938,13.691715
1119,4.4271665,17.748749
1120,2.97438,20.63512
1121,3.9819345,17.155529
1122,4.4531794,13.686182
1123,5.1226916,23.47648
1124,9.822866,22.453
1125,3.4210358,14.724483
1126,3.197668,15.26626
1127,10.20962,23.465145
1128,0.3818125,21.135681
1129,1.9794488,23.091656
1130,3.7374878,23.583065
1131,5.4279366,17.441412
1132,6.0169187,13.927173
1133,6.0618258,18.102573
1134,3.7436867,12.529992
1135,4.703554,24.384727
1136,3.747147,17.247978
1137,2.030552,14.794664
1138,4.125132,20.833511
1139,3.8418589,18.664711
1140,6.45356,31.62563
1141,3.1506255,17.036022
1142,3.9554305,35.05057
1143,5.4095926,13.689535
1144,3.861517,22.75107
1145,4.723427,7.691658
1146,4.343235,15.244889
1147,4.8647904,12.9553385
1148,3.6904104,16.317259
1149,5.886757,28.901577
1150,2.0997822,22.369053
1151,5.859525,16.795666
1152,3.4422545,17.852816
1153,1.4442644,13.025314
1154,7.712055,15.261065
1155,3.5701685,25.978088
1156,4.4181414,13.995344
1157,5.2079535,21.383055
1158,2.5544,15.687824
1159,4.0555806,30.546627
1160,2.9699178,17.209684
1161,4.2535696,19.90885
1162,6.782149,14.152464
1163,3.5233696,17.790173
1164,6.9039326,31.458187
1165,6.5186906,29.181435
1166,5.7960167,27.97974
1167,3.4626417,16.754585
1168,3.1813078,3.0801075
1169,1.5852034,26.741966
1170,5.5036664,14.221795
1171,6.6399407,29.332691
1172,2.7729053,19.297066
1173,7.908391,14.724888
1174,4.658185,17.367004
1175,5.077316,17.133667
1176,7.0232105,26.189842
1177,3.65972,12.161901
1178,5.2596183,24.032393
1179,5.085154,14.020367
1180,2.7185924,20.39996
1181,5.5287895,22.856176
1182,8.840937,30.36812
1183,7.323182,22.412277
1184,7.5683503,20.345123
1185,2.9410274,18.57776
1186,2.7043707,16.186357
1187,3.694801,26.391775
1188,4.8785872,14.568686
1189,2.79799,14.415871
1190,6.2555103,24.18666
1191,6.056497,20.125416
1192,1.7732598,21.396534
1193,7.2333164,17.130184
1194,4.33832,20.78508
1195,3.978146,21.108652
1196,5.942783,23.894037
1197,5.1196556,14.058075
1198,5.970937,26.368881
1199,1.58251,15.3155365
1200,3.681912,20.91753
1201,3.4585888,11.278725
1202,2.3536918,17.278896
1203,5.012595,11.74434
1204,3.6106365,14.260483
1205,3.6227107,14.832262
1206,5.089353,11.648403
1207,3.5479136,24.01713
1208,2.3828247,20.020031
1209,3.428632,20.277931
1210,3.6897316,25.776596
1211,10.875448,28.276894
1212,4.939335,20.198076
1213,4.0323734,29.398224
1214,6.482029,26.99964
1215,6.394562,22.728765
1216,6.22062,26.047968
1217,7.5235214,27.000021
1218,5.160865,16.467875
1219,5.0888495,25.535244
1220,5.852779,16.915148
1221,4.7396,11.010412
1222,3.4290023,16.06411
1223,5.3478417,13.544483
1224,3.934206,8.898405
1225,4.4964023,19.203123
1226,4.732424,25.228989
1227,4.261693,22.842875
1228,6.4635544,9.252021
1229,5.6371703,16.902218
1230,4.3620443,29.681114
1231,4.677888,23.221222
1232,3.4480028,27.060936
1233,4.6272497,16.244423
1234,5.3943224,22.504997
1235,6.7660766,22.938896
1236,7.714958,27.39305
1237,5.782488,13.571266
1238,3.1042995,19.539581
1239,3.3815837,25.480738
1240,3.2542164,14.518951
1241,5.8025637,13.243575
1242,4.9944468,27.715729
1243,3.41195,27.924252
1244,2.0731459,13.55461
1245,4.8626595,17.250786
1246,2.0814261,22.54993
1247,7.261941,18.04757
1248,6.1886024,27.280275
1249,4.9854245,18.107365
1250,11.300011,22.6125
1251,5.920741,20.19989
1252,4.0533757,14.581544
1253,2.7547092,21.989939
1254,3.668326,20.590282
1255,3.7055113,17.37763
1256,2.2818718,12.737147
1257,3.417912,19.932507
1258,2.575166,17.26033
1259,7.2130675,15.210094
1260,7.196771,20.617561
1261,6.6489983,7.5694766
1262,2.8950531,19.08768
1263,4.669194,31.16501
1264,4.4108524,25.1281
1265,5.215519,18.202599
1266,6.3131657,23.420982
1267,3.7176802,38.123154
1268,4.813281,13.275393
1269,7.9060793,19.384933
1270,4.682295,23.65591
1271,9.097928,21.445969
1272,3.1513224,23.967602
1273,2.3905578,12.52111
1274,4.944891,7.977122
1275,2.948924,23.843891
1276,5.5712547,28.1151
1277,8.1726055,18.660328
1278,5.774844,13.814524
1279,2.7920682,22.5764
1280,6.1003485,17.728203
1281,3.1436286,25.062784
1282,2.0256667,22.242018
1283,5.9465904,28.060318
1284,6.231306,22.033459
1285,5.3516326,27.727016
1286,4.155405,6.67027
1287,2.1113706,20.665707
1288,10.479208,13.938989
1289,5.116269,28.70777
1290,2.2755704,7.213249
1291,3.4159837,19.600487
1292,3.6909204,19.369884
1293,7.3954563,17.730783
1294,5.366922,26.908768
1295,5.940589,20.862616
1296,7.8785715,26.245106
1297,1.8368362,12.817763
1298,6.091581,26.611279
1299,6.670353,20.499514
1300,6.149612,20.219618
1301,6.422311,13.349106
1302,6.356718,19.293133
1303,4.410708,26.217384
1304,6.104944,20.667564
1305,7.2626615,20.93404
1306,4.546664,24.422615
1307,4.2466793,17.508232
1308,4.053706,10.525626
1309,7.391799,25.996838
1310,3.9129457,10.779694
1311,2.3744874,25.803177
1312,5.0737467,25.45829
1313,4.731008,25.766888
1314,5.6832876,22.115088
1315,4.397239,14.693434
1316,5.4098587,23.603786
1317,6.4644737,26.429195
1318,3.2310042,30.033089
1319,4.4887085,16.273867
1320,4.3038306,28.354286
1321,5.25956,11.372131
1322,8.278881,20.02823
1323,4.9215302,34.816833
1324,4.649396,12.30886
1325,6.7969694,26.428394
1326,6.7761235,28.482334
1327,2.7041368,16.240482
1328,8.358501,18.658316
1329,3.916714,22.532684
1330,6.6686325,26.14318
1331,6.005273,24.600872
1332,5.9832497,17.870926
1333,9.487797,13.116808
1334,4.114389,18.427624
1335,2.101122,16.056328
1336,6.2442527,15.807041
1337,2.9630888,14.746075
1338,3.8531713,21.797874
1339,1.8788157,19.499376
1340,2.3266926,18.051441
1341,5.1713676,19.606411
1342,4.630568,29.851479
1343,6.00074,30.612637
1344,5.227291,20.326202
1345,3.3574057,10.849558
1346,6.036842,14.11961
1347,3.4704185,23.159727
1348,7.402565,12.698831
1349,4.679343,13.378062
1350,3.496497,26.466545
1351,6.006045,21.499823
1352,5.1384034,32.67062
1353,5.2774444,18.759937
1354,5.9327865,7.9286075
1355,6.2000217,12.272154
1356,3.0857453,20.912037
1357,5.70442,8.839562
1358,4.586354,26.319878
1359,5.208976,18.358604
1360,7.9355965,19.311848
1361,4.66035,21.020443
1362,5.722824,15.744741
1363,4.579467,16.84988
1364,3.583082,30.929064
1365,3.0843692,11.332594
1366,2.2308362,20.729826
1367,6.4948215,15.379789
1368,6.6664453,19.639559
1369,4.994083,11.738109
1370,2.9537168,25.606277
1371,2.5367405,15.625941
1372,3.017002,27.22948
1373,2.7746315,24.055655
1374,2.46241,21.117155
1375,4.1656,16.578123
1376,2.636333,9.893043
1377,2.2105432,20.316242
1378,3.8919015,15.2307825
1379,6.7413425,22.688564
1380,10.0285425,23.778322
1381,3.7427995,25.835087
1382,4.4657545,28.231216
1383,6.6445937,26.50127
1384,8.827408,28.52193
1385,6.4194136,24.11066
1386,6.4294186,9.619909
1387,9.41775,18.661346
1388,3.9487057,14.3431225
1389,3.159082,23.27792
1390,2.5764284,17.870659
1391,5.9034185,16.49872
1392,4.511757,14.770184
1393,7.9422884,22.923233
1394,3.0691376,9.661875
1395,7.4783654,21.64629
1396,6.749095,21.578611
1397,9.536692,28.710045
1398,6.9392233,18.621468
1399,5.0917253,21.100218
1400,6.0069504,26.609024
1401,2.3440018,23.85384
1402,1.9743923,9.768846
1403,4.6066093,14.975986
1404,5.908634,21.355576
1405,6.1953,19.64442
1406,9.440088,13.891914
1407,3.8104358,17.587675
1408,5.289199,20.115936
1409,2.8202834,21.904152
1410,4.9018135,12.827738
1411,5.5722013,21.233124
1412,3.3567424,27.945963
1413,3.4765053,17.648045
1414,5.656542,27.141302
1415,5.4049525,8.419941
1416,5.680336,12.184969
1417,2.3745773,21.555328
1418,2.2111254,15.067218
1419,3.963094,13.937529
1420,5.1857996,10.444109
1421,2.549283,19.035206
1422,7.625786,18.265528
1423,3.8364096,22.838287
1424,5.3070493,19.185543
1425,6.747486,21.181171
1426,6.347765,9.089297
1427,5.6334906,19.331886
1428,3.6451397,13.909605
1429,6.885274,26.855476
1430,2.922945,21.490652
1431,2.7388134,20.832577
1432,4.612565,29.426434
1433,5.6097584,20.05302
1434,8.792215,21.672327
1435,2.5463352,16.64059
1436,0.944228,20.296587
1437,3.9377086,10.792513
1438,2.9807365,15.184514
1439,5.5760174,17.214306
1440,4.77046,23.847881
1441,3.8065445,14.086287
1442,4.290215,27.157856
1443,3.9173067,36.84931
1444,10.190106,25.546217
1445,5.09849,18.179005
1446,4.5659943,15.631424
1447,7.148168,26.613949
1448,9.470024,24.206326
1449,3.7108707,7.2505527
1450,7.451708,16.861317
1451,4.994662,17.907936
1452,4.920929,15.26156
1453,3.676014,18.315693
1454,9.281605,13.425942
1455,4.479005,13.9397335
1456,5.757825,11.981207
1457,6.54068,20.757751
1458,4.068973,23.748482
1459,2.8742766,15.866953
1460,3.3220878,21.216858
1461,4.038254,16.72273
1462,6.489948,25.227123
1463,3.9296212,7.1138954
1464,6.280987,22.423813
1465,4.4599686,26.468311
1466,8.343922,29.95033
1467,1.1002464,18.666983
1468,2.8788743,23.198904
1469,4.803902,17.484844
1470,6.534049,28.996258
1471,3.8540523,23.242592
1472,7.740683,32.067924
1473,5.7161818,16.57487
1474,7.5523596,14.93617
1475,4.56633,15.794933
1476,5.516025,25.527962
1477,4.630764,29.934614
1478,4.393502,13.880185
1479,6.4031315,19.299358
1480,3.8833952,15.8442
1481,4.478236,23.95066
1482,5.976556,8.214612
1483,3.9944448,18.286295
1484,4.22651,27.039145
1485,5.6855545,18.881264
1486,3.8817523,15.916705
1487,3.0229983,22.577913
1488,3.485292,18.621376
1489,6.3611355,21.887714
1490,6.998021,16.063248
1491,1.4474937,25.110924
1492,3.2995086,20.683847
1493,2.8712783,23.6256
1494,2.600883,31.749752
1495,7.165003,14.959086
1496,5.652171,17.008034
1497,2.7432559,15.561193
1498,5.2630215,17.364706
1499,5.6763515,23.189676
1500,5.2835894,24.064474
1501,6.2378864,28.058826
1502,4.8218145,18.531902
1503,4.911994,15.146525
1504,6.6184063,22.696297
1505,5.0544825,18.645771
1506,4.066211,24.867573
1507,5.459123,16.69953
1508,4.5589867,15.399143
1509,1.6499317,13.769787
1510,4.989484,13.937651
1511,4.648164,26.489174
1512,6.7808504,33.64523
1513,4.654669,28.439728
1514,4.6101484,18.419079
1515,4.227293,23.360874
1516,2.8135576,16.35432
1517,4.71173,31.474617
1518,2.4818153,22.620295
1519,3.0780332,23.325207
1520,6.9785666,14.4830065
1521,7.1734433,21.350348
1522,5.290947,21.33331
1523,3.341002,11.366137
1524,3.2125885,25.175716
1525,7.672387,16.424023
1526,9.053706,16.868313
1527,5.8867254,15.721416
1528,5.2834797,28.599415
1529,7.1770496,31.797634
1530,8.663555,16.637564
1531,2.6726847,10.785948
1532,7.484787,15.05659
1533,6.0931716,22.161919
1534,3.8072112,22.247066
1535,4.3647447,21.543655
1536,4.515997,25.874237
1537,3.0563402,11.4689245
1538,10.432776,17.457115
1539,10.988459,21.930832
1540,7.9328876,17.187828
1541,9.423986,26.165611
1542,3.6735268,24.141903
1543,5.8547907,16.025784
1544,4.9880147,20.029509
1545,6.038643,13.410912
1546,2.3929908,23.83385
1547,2.8097365,12.653017
1548,5.557025,31.172798
1549,8.814333,16.88598
1550,6.0711055,10.336884
1551,4.049079,17.25219
1552,8.809088,27.923637
1553,3.1701264,27.668442
1554,5.4582567,28.356438
1555,10.52082,23.084465
1556,4.3663797,23.078793
1557,5.5903864,27.636856
1558,9.237427,29.287233
1559,8.69589,23.463507
1560,9.564714,23.30357
1561,5.679914,24.940739
1562,6.2027993,19.909454
1563,1.0528309,11.874795
1564,2.169501,11.596696
1565,3.3163276,17.028608
1566,6.7561216,16.77808
1567,7.9578032,23.03025
1568,4.560644,20.53827
1569,1.8247012,11.202933
1570,2.789401,21.338802
1571,2.3834105,21.973358
1572,4.425647,13.539953
1573,3.7526011,22.785002
1574,6.0744166,14.231555
1575,1.9590745,16.530312
1576,8.836713,13.343126
1577,3.8686728,16.061138
1578,8.35718,13.058239
1579,6.4994555,18.646738
1580,5.678062,23.951662
1581,5.715666,32.42499
1582,3.9951885,16.180508
1583,4.3970156,25.2047
1584,6.7717,22.84015
1585,4.4781346,20.115608
1586,6.418023,21.019745
1587,4.7220993,22.379444
1588,1.244264,11.369928
1589,5.222194,22.716398
1590,2.8112924,21.084538
1591,5.274299,21.020247
1592,7.019445,26.635704
1593,10.2422085,19.716997
1594,6.6493998,24.24831
1595,6.3928995,7.6422615
1596,10.505478,18.761086
1597,5.435472,11.760202
1598,4.4001436,14.024563
1599,3.160566,19.853386
1600,3.3275926,19.40184
1601,5.311481,17.08015
1602,3.3784595,17.066273
1603,8.787708,19.247755
1604,3.8277555,23.112099
1605,3.9325218,18.771545
1606,4.9766655,20.305613
1607,6.1181517,18.651775
1608,6.6671686,14.194446
1609,8.366945,27.72728
1610,5.869542,12.843086
1611,5.204383,23.05473
1612,4.45951,16.735073
1613,6.563671,17.704918
1614,6.655945,13.460968
1615,2.9565952,12.749251
1616,4.142028,16.231995
1617,8.537791,21.561005
1618,8.905489,22.469585
1619,1.8209764,18.169441
1620,5.344553,13.997719
1621,1.8728068,24.498955
1622,6.578558,25.768688
1623,4.761833,20.323505
1624,4.1428084,10.722097
1625,5.8714705,22.572102
1626,6.3868504,27.64098
1627,2.7050858,17.716778
1628,5.863839,24.121857
1629,7.945167,23.28092
1630,5.1402707,22.320377
1631,6.704045,18.621752
1632,6.2587967,28.054455
1633,4.666812,17.847925
1634,8.353651,28.18602
1635,7.7917776,24.07
1636,4.645984,17.759281
1637,8.125051,26.664762
1638,2.2227554,13.7304735
1639,2.7616272,19.656612
1640,7.545706,20.312258
1641,5.070239,21.213793
1642,6.647464,17.908115
1643,9.199929,22.586487
1644,3.205029,14.773797
1645,4.8427343,19.95042
1646,2.660918,19.238565
1647,6.107985,22.89095
1648,2.133604,21.231022
1649,4.9889545,23.929531
1650,5.4240694,26.823841
1651,6.264455,22.94889
1652,4.5440254,8.046163
1653,8.183177,21.42462
1654,2.4252377,15.640192
1655,5.6029887,23.27538
1656,7.9975586,26.60382
1657,3.8376794,15.0589485
1658,4.277528,5.3013783
1659,3.4876647,26.405272
1660,5.0901613,14.981695
1661,7.9759865,22.409946
1662,5.1401434,29.282314
1663,10.244044,23.754349
1664,5.159937,20.697868
1665,5.085881,20.955564
1666,2.6736503,20.681416
1667,5.8090487,27.439169
1668,7.4444284,18.668962
1669,3.6223884,24.46838
1670,5.908545,26.825378
1671,5.5235357,16.093168
1672,5.385084,13.116371
1673,3.074315,17.01044
1674,4.6860375,13.814894
1675,2.9483047,19.164032
1676,5.8058267,24.368668
1677,4.876177,18.16006
1678,2.7491302,19.505949
1679,6.0994644,19.231243
1680,6.8516893,27.965347
1681,7.6679673,13.145052
1682,8.6805315,15.799796
1683,5.1362076,33.38008
1684,5.2491665,15.523757
1685,3.477268,12.937217
1686,3.476222,27.219522
1687,11.92459,19.570534
1688,4.2434306,16.303314
1689,2.4876056,12.467577
1690,1.1017749,14.89909
1691,6.712627,27.285269
1692,4.6182184,19.400587
1693,3.3952837,28.2734
1694,4.8396397,26.384485
1695,5.3242173,24.319431
1696,0.5518677,11.764156
1697,5.5738726,15.984703
1698,5.3479357,16.421776
1699,5.017062,12.148427
1700,3.423038,20.644222
1701,7.854088,20.204638
1702,7.2537074,20.32909
1703,1.9945357,13.140959
1704,5.726533,17.482409
1705,2.3219874,21.626938
1706,1.7299442,20.290989
1707,1.9891739,8.870054
1708,6.198652,19.857937
1709,4.5364604,21.91524
1710,2.9699774,13.887317
1711,4.028043,19.931131
1712,1.9554787,14.511083
1713,3.6906674,26.608906
1714,6.705943,21.07563
1715,9.353977,30.377415
1716,4.5721726,14.070578
1717,7.295791,15.296858
1718,2.4071116,10.903862
1719,6.306815,25.728708
1720,6.214059,28.764896
1721,4.5032544,10.476124
1722,10.894848,24.776543
1723,6.3343773,9.076796
1724,5.239225,24.935177
1725,3.5549092,19.22063
1726,5.7858415,18.829498
1727,2.5505347,14.607731
1728,2.8523107,10.435577
1729,1.9353446,20.880638
1730,4.4096637,26.095194
1731,6.1959157,15.899873
1732,5.571185,9.01992
1733,2.568883,22.50938
1734,4.807652,11.356596
1735,4.153531,18.757706
1736,3.4717464,14.195721
1737,6.1968803,23.54312
1738,5.9598417,16.550816
1739,6.805566,17.95441
1740,5.3964677,18.348408
1741,5.841925,12.319407
1742,2.6270797,10.986603
1743,2.4311724,23.29324
1744,3.419883,12.401514
1745,5.9006634,20.28453
1746,3.2850666,26.524372
1747,2.853548,14.414433
1748,2.634324,25.062698
1749,8.103958,24.40369
1750,5.285428,13.850283
1751,5.9488344,30.222843
1752,5.0481734,9.597391
1753,2.9151945,12.92643
1754,3.4412723,14.410925
1755,8.877347,21.342403
1756,5.9786663,20.670132
1757,10.703862,26.601374
1758,3.4513385,21.795427
1759,6.960448,32.215294
1760,2.812964,24.000366
1761,5.6028824,23.950394
1762,5.636921,25.331497
1763,8.33433,24.178202
1764,2.7728596,17.737064
1765,3.0559528,23.82951
1766,5.087019,19.762646
1767,2.5603127,23.34436
1768,4.808133,21.317047
1769,5.1466956,7.856254
1770,4.7357535,21.838749
1771,4.9240017,14.978241
1772,4.1278486,15.718813
1773,4.2645802,16.689613
1774,7.1114798,22.810768
1775,2.372899,25.37941
1776,4.7698717,10.751225
1777,6.6009884,29.293163
1778,7.959819,22.234928
1779,6.163251,12.536028
1780,7.520809,22.2911
1781,1.0566436,17.81107
1782,7.551938,19.41676
1783,6.994588,13.948534
1784,5.875025,23.966715
1785,7.0956964,21.327396
1786,4.1313267,21.676327
1787,6.176736,25.90627
1788,6.010902,19.270906
1789,5.538364,17.530201
1790,5.6348886,29.425484
1791,2.1942582,14.0229435
1792,6.5132017,25.413488
1793,4.2691793,14.880138
1794,3.7263803,30.184757
1795,7.068485,18.549122
1796,6.927537,14.249625
1797,4.6634846,21.226185
1798,3.598949,17.360748
1799,3.6588974,10.081987
1800,4.0648284,15.164989
1801,5.462623,19.574387
1802,3.683785,29.23632
1803,4.6111417,34.16091
1804,7.4525394,18.383266
1805,8.6950245,20.57343
1806,4.2682724,13.157398
1807,4.101074,16.429974
1808,7.9609003,13.198477
1809,2.248106,13.898821
1810,5.1431932,21.287443
1811,4.1070824,19.546434
1812,7.232014,19.946894
1813,5.344542,28.004404
1814,1.214937,16.18756
1815,6.509218,23.353405
1816,8.8906555,16.239494
1817,3.8835282,20.741234
1818,9.300731,25.39298
1819,5.2752132,24.572378
1820,2.3636332,15.937558
1821,4.38047,23.339277
1822,5.5639606,25.990437
1823,5.0573645,24.322495
1824,11.913389,24.78384
1825,7.941306,21.92477
1826,7.435522,16.241964
1827,5.751282,13.83366
1828,5.2334843,12.795262
1829,4.757947,15.845689
1830,4.5311184,20.427643
1831,3.908774,20.079224
1832,4.6184444,23.14886
1833,3.0113418,18.785654
1834,6.6866655,12.810093
1835,4.8902316,26.59165
1836,2.8005657,25.549463
1837,6.9125905,26.09341
1838,6.9056587,28.779007
1839,5.073474,13.393304
1840,7.2063456,32.006012
1841,8.218332,25.652615
1842,4.8465643,12.974006
1843,4.7065887,16.138638
1844,5.920893,19.629951
1845,3.7846174,27.52732
1846,7.9094977,23.980427
1847,3.949819,19.88412
1848,5.7945433,14.303404
1849,6.0309935,20.099695
1850,4.198764,16.157099
1851,4.4516745,19.267551
1852,4.2297697,12.029847
1853,2.7010202,10.249438
1854,5.5916185,30.28799
1855,4.138279,13.938936
1856,6.080744,17.318888
1857,3.7811248,21.192667
1858,5.714045,16.325634
1859,7.627318,25.927433
1860,4.093257,13.493969
1861,6.1567335,24.993877
1862,4.8162284,20.661049
1863,3.8718176,30.468645
1864,7.1899424,23.23876
1865,2.1952977,10.850409
1866,9.16469,20.47993
1867,3.5930834,17.066238
1868,6.99866,20.25145
1869,4.075257,16.467636
1870,5.7497196,12.966877
1871,1.9936323,12.57023
1872,0.78213537,30.141897
1873,12.179354,22.555296
1874,10.372506,26.228855
1875,6.082696,19.978912
1876,3.208962,18.97015
1877,6.5100384,11.334307
1878,6.761074,17.153343
1879,3.1272163,22.478241
1880,4.8725195,21.47512
1881,5.8749075,24.016754
1882,3.4502993,14.068667
1883,4.014125,23.46885
1884,6.9740877,11.705342
1885,7.2704315,24.92423
1886,4.5860214,19.824795
1887,3.2242527,17.041588
1888,7.811114,22.466099
1889,6.0426245,28.581705
1890,8.679432,21.463661
1891,2.7905874,15.369162
1892,8.839053,17.264301
1893,3.5955415,14.150526
1894,4.0692687,20.90902
1895,6.2397885,26.181637
1896,4.096707,14.859039
1897,2.9540315,23.11581
1898,4.6264486,20.04227
1899,3.9746096,13.750305
1900,4.4560013,26.805378
1901,2.06256,16.122913
1902,2.0733285,22.261675
1903,4.892915,19.883041
1904,4.0743675,9.924522
1905,8.116704,34.869354
1906,6.8911085,22.477581
1907,3.6447678,27.234272
1908,3.6234872,17.87992
1909,4.968568,19.727547
1910,3.7531548,9.194319
1911,4.5775304,28.49937
1912,3.779111,18.32452
1913,7.40792,16.564697
1914,4.702961,15.292702
1915,8.542781,36.076748
1916,2.8317413,17.495693
1917,3.9849148,15.462375
1918,4.853527,12.79271
1919,8.472446,15.601582
1920,9.530168,22.192307
1921,4.3821015,11.002296
1922,3.5140166,22.637102
1923,5.6623096,13.503009
1924,7.391,25.63409
1925,1.9491485,25.826439
1926,3.1936672,18.699142
1927,4.1135826,19.48558
1928,5.087761,24.577188
1929,6.5937395,16.844767
1930,7.8485413,28.405102
1931,5.5844374,14.323831
1932,6.6759396,25.146255
1933,3.8369455,23.824902
1934,5.2828374,21.975857
1935,2.430544,18.402954
1936,2.1752703,11.246406
1937,6.020817,26.9025
1938,3.3885634,11.7931795
1939,4.9977865,15.959322
1940,6.070696,16.613813
1941,2.7314663,20.569582
1942,2.7414417,16.758947
1943,5.717062,18.799686
1944,8.020207,22.956543
1945,3.5152705,14.965091
1946,7.2847586,19.782541
1947,2.3157036,25.478935
1948,3.421793,14.794052
1949,7.2434587,31.984396
1950,6.8408594,13.452372
1951,4.068445,18.369663
1952,5.4255824,16.000584
1953,7.5906143,28.04581
1954,4.80653,14.114588
1955,5.3332467,14.61993
1956,3.4903996,15.642118
1957,2.7445698,18.911787
1958,5.150403,17.789085
1959,4.955743,23.75881
1960,4.4007683,21.384573
1961,1.6421828,17.307844
1962,4.5244684,19.623276
1963,6.2129016,20.461933
1964,8.02364,23.07757
1965,3.2263806,16.077051
1966,5.2180986,10.840862
1967,2.8300028,31.878386
1968,3.4092839,13.2001
1969,3.8351355,15.616341
1970,4.6206455,12.271988
1971,6.3755484,13.0427065
1972,5.324038,30.132887
1973,4.4765053,22.427238
1974,6.0067906,10.165834
1975,6.2542553,15.764784
1976,3.1150856,15.671091
1977,3.3259676,16.482292
1978,5.4511847,12.742168
1979,8.0543785,14.70288
1980,3.7888806,15.544072
1981,4.5086327,13.169614
1982,6.344408,16.250746
1983,6.746415,14.324766
1984,3.84974,26.426292
1985,2.9887028,9.719803
1986,3.8009155,17.437006
1987,5.365347,17.976688
1988,3.607975,17.846203
1989,4.0418577,15.076769
1990,4.004554,16.816553
1991,3.5455222,25.973694
1992,4.40616,28.401411
1993,6.7322826,18.45345
1994,7.1104345,21.623146
1995,6.2509413,17.799969
1996,5.6068206,20.562634
1997,6.38062,29.937677
1998,7.034668,13.58927
1999,2.4386508,10.714564
2000,5.759482,20.33117
2001,4.7841387,21.213005
2002,5.4215555,19.674034
2003,5.322812,26.845871
2004,6.054215,14.792857
2005,2.7173216,18.305058
2006,4.100191,19.57955
2007,5.165784,13.774097
2008,3.7115097,13.867117
2009,3.8564925,14.076481
2010,4.131083,14.18561
2011,3.812632,16.310661
2012,5.4387326,19.583488
2013,2.870459,22.69754
2014,6.819462,21.239616
2015,2.6668477,8.958468
2016,4.5519133,13.553198
2017,5.558607,27.295586
2018,2.6131353,28.073973
2019,3.5653522,20.006674
2020,6.362687,22.10166
2021,7.1838775,19.252115
2022,2.48241,22.272406
2023,3.8833067,19.8559
2024,6.2757635,10.446346
2025,9.236494,13.933641
2026,1.999641,16.300728
2027,7.2097144,22.47826
2028,6.523958,20.456438
2029,3.3728507,10.199713
2030,3.6117299,20.888866
2031,4.79331,20.39206
2032,4.539613,19.383614
2033,9.166513,26.094158
2034,6.6644154,25.908592
2035,5.048612,14.804157
2036,1.6347322,23.762707
2037,5.091245,21.982807
2038,3.257286,20.126934
2039,3.623526,11.01198
2040,7.2780037,17.620226
2041,5.5624104,16.465637
2042,4.9895678,23.199654
2043,3.2680287,14.5919
2044,4.8179426,26.77374
2045,2.4136477,10.609428
2046,3.6022155,18.626362
2047,3.606092,8.460636
2048,3.7288518,25.285015
2049,4.4388437,21.5003
2050,3.710299,17.314785
2051,3.9835148,22.210438
2052,4.877029,22.18364
2053,5.2707434,26.835814
2054,6.029873,21.334621
2055,3.8641634,14.944183
2056,2.9033427,26.454401
2057,7.728142,19.826176
2058,7.363564,19.51493
2059,7.222849,27.307705
2060,3.2614527,9.436223
2061,6.6810474,19.954945
2062,4.62673,20.11261
2063,6.2977276,20.886202
2064,5.205517,18.894835
2065,2.528934,15.105244
2066,6.655938,15.011848
2067,4.272558,18.624466
2068,5.5466137,22.928856
2069,4.9979367,29.983212
2070,7.1187973,17.353891
2071,4.5362515,22.707256
2072,3.4320445,34.92691
2073,5.541243,27.154282
2074,5.0510387,18.90237
2075,0.34664965,21.829077
2076,7.359252,16.837564
2077,4.425728,19.208952
2078,4.208433,13.414088
2079,4.7180405,13.319948
2080,5.7144027,29.690228
2081,2.7726326,14.419903
2082,8.420134,20.274696
2083,2.4055963,9.196379
2084,2.566629,16.436176
2085,9.29793,17.231636
2086,5.0678577,19.592773
2087,4.577075,19.63438
2088,8.325233,23.722233
2089,0.64434844,20.494617
2090,6.742982,25.344332
2091,5.8965187,17.884483
2092,4.04745,13.948047
2093,5.4893765,14.044694
2094,3.8150716,16.581005
2095,3.0026731,14.45039
2096,6.052725,24.812174
2097,3.5953043,11.637021
2098,5.316568,13.692541
2099,5.4477386,20.609722
2100,5.104741,11.272964
2101,4.849122,20.838467
2102,4.265003,15.008423
2103,4.3673553,17.438553
2104,3.0432434,24.015343
2105,6.917481,12.383083
2106,2.828809,16.074852
2107,8.208033,16.741245
2108,4.6253033,9.21539
2109,6.9365463,18.587755
2110,5.8625083,20.23045
2111,4.3593817,16.695719
2112,7.5410595,26.141102
2113,3.759475,25.811655
2114,6.404497,18.81166
2115,2.5486264,16.281433
2116,5.6614323,21.199291
2117,4.2678375,20.35953
2118,4.3867874,6.0022535
2119,8.283608,23.464287
2120,4.914043,18.237892
2121,6.7910633,13.010886
2122,4.720277,23.110573
2123,5.8293867,21.836266
2124,5.7415247,14.083943
2125,6.376699,15.573618
2126,2.306914,21.385563
2127,2.0582547,12.737512
2128,2.8045297,21.545803
2129,3.8567777,18.116203
2130,3.4097505,22.39307
2131,3.2445908,18.191017
2132,3.9943051,14.011759
2133,6.35419,17.622618
2134,3.6085162,17.615871
2135,5.567709,15.006826
2136,6.5640583,29.647717
2137,4.0981073,21.65885
2138,3.6548555,22.075577
2139,5.454649,20.445875
2140,6.7894397,25.302273
2141,3.0904546,27.737438
2142,2.062896,19.432034
2143,4.4649916,15.77632
2144,4.833092,17.172144
2145,6.3551655,26.040264
2146,3.5252476,27.00834
2147,9.780561,23.091255
2148,2.165357,18.823685
2149,3.3035932,12.50635
2150,4.670658,22.350754
2151,3.6927571,12.014921
2152,4.3431964,15.854614
2153,2.129427,20.040857
2154,3.9826603,19.148207
2155,4.788003,15.567659
2156,5.228014,28.479975
2157,6.8449516,5.3662844
2158,5.625558,25.19662
2159,10.373751,15.552576
2160,5.9566236,17.749424
2161,3.3312135,22.841665
2162,6.078582,18.712418
2163,4.0972986,20.409264
2164,4.174158,11.68648
2165,6.2181377,13.893932
2166,3.86703,17.29874
2167,5.2337227,20.879486
2168,5.1429596,6.797201
2169,7.4164286,18.291142
2170,11.326299,20.549887
2171,6.6199856,17.889114
2172,2.933411,18.12561
2173,3.2862759,21.116026
2174,1.6349235,18.251846
2175,9.284449,19.497355
2176,3.289764,11.970411
2177,5.804516,11.20902
2178,1.227375,19.028866
2179,4.7023773,22.940847
2180,7.4941144,24.500881
2181,5.9826093,15.03133
2182,2.7762399,21.894186
2183,4.5030894,11.284934
2184,5.552454,15.912062
2185,7.234034,28.234293
2186,5.9839325,17.971134
2187,6.0136185,11.33709
2188,6.463293,13.106163
2189,2.4636278,17.927326
2190,3.0222056,24.555428
2191,4.011478,28.016314
2192,5.880038,17.836826
2193,8.15554,23.34272
2194,1.6838318,17.972149
2195,4.5608196,23.98376
2196,5.674179,22.384136
2197,4.194839,20.2554
2198,3.9095232,26.868881
2199,3.4105647,15.682646
2200,4.583928,20.729225
2201,2.841693,20.968048
2202,13.040918,21.2627
2203,3.5201735,17.24319
2204,4.12706,25.460457
2205,6.49986,18.78788
2206,4.131547,24.883942
2207,4.0380383,16.347427
2208,4.3710976,20.837616
2209,3.5032248,27.97562
2210,5.9908476,22.690536
2211,1.9004503,9.414146
2212,7.621627,26.04479
2213,4.9882326,19.86319
2214,6.9984584,20.414146
2215,4.052664,26.915115
2216,3.400052,15.799582
2217,2.8929706,21.807737
2218,4.3850527,17.637695
2219,4.8699474,19.24621
2220,6.307667,25.193768
2221,4.5236897,23.64727
2222,4.939955,25.490509
2223,6.2678003,19.117283
2224,5.2819023,13.051035
2225,6.6444755,19.314735
2226,3.7902753,18.55999
2227,7.87897,24.84988
2228,3.0015514,19.773792
2229,7.9618955,20.394815
2230,9.965196,15.516031
2231,6.015564,23.200195
2232,8.078764,11.731522
2233,2.0422103,16.282299
2234,6.173787,18.584911
2235,4.5840416,25.386703
2236,3.3180637,27.115812
2237,4.3972673,17.121569
2238,2.9011223,17.033981
2239,2.5373318,15.521712
2240,1.4819092,11.763799
2241,9.309245,23.202477
2242,3.434484,20.438572
2243,9.426184,20.132381
2244,4.732592,26.374615
2245,10.546909,14.546257
2246,6.057415,12.037631
2247,3.0010548,18.414421
2248,3.7154698,15.018692
2249,4.607204,31.473837
2250,5.9939413,20.443518
2251,9.142319,26.066706
2252,9.909101,24.097588
2253,11.426277,19.877392
2254,2.7469049,11.251802
2255,3.1183681,23.915174
2256,9.197153,24.45097
2257,4.85637,22.127298
2258,7.466733,23.954254
2259,5.527416,14.708601
2260,2.7364125,15.124208
2261,9.150117,24.179096
2262,3.8673344,19.247046
2263,3.416513,20.30697
2264,6.3739595,17.516525
2265,5.3169484,30.98243
2266,7.280765,12.24333
2267,5.995159,23.76557
2268,4.5269547,29.345413
2269,3.1128983,14.565177
2270,4.44053,21.75168
2271,3.792325,23.049887
2272,6.935836,14.816938
2273,4.4351153,18.99411
2274,6.5963798,12.758177
2275,8.239332,24.078201
2276,3.8962765,22.290234
2277,4.303829,17.180634
2278,4.6041327,29.120157
2279,8.629893,23.817116
2280,5.376684,22.744003
2281,4.925138,14.00842
2282,3.2645013,23.146393
2283,5.128903,15.132824
2284,4.0289392,9.203594
2285,3.900897,29.812757
2286,6.1491003,25.961323
2287,8.005699,15.907368
2288,8.931576,19.09299
2289,6.6857476,18.35682
2290,8.363662,19.983124
2291,4.038352,18.438873
2292,5.3663077,27.637154
2293,4.1282716,23.42313
2294,6.7798305,21.228651
2295,4.77837,15.787058
2296,6.987252,12.173217
2297,6.456834,30.929367
2298,6.884414,19.997816
2299,5.919943,16.37575
2300,5.756168,28.905832
2301,5.7751107,11.667913
2302,6.083391,15.153778
2303,9.230043,26.156723
2304,4.307454,25.825132
2305,4.6762547,27.921837
2306,7.059199,20.79985
2307,5.5980377,25.579525
2308,6.655212,25.095472
2309,5.771454,18.474703
2310,2.3821096,15.639917
2311,3.6157346,24.408737
2312,5.7347655,17.103594
2313,6.859529,16.125034
2314,2.7896228,11.871774
2315,6.533714,21.003126
2316,4.90755,20.76401
2317,4.4017267,19.530413
2318,5.262203,13.406503
2319,5.606506,28.93806
2320,9.74085,9.306923
2321,6.947981,32.715813
2322,7.294427,9.482171
2323,8.10301,20.497532
2324,4.5434494,17.307749
2325,6.682125,19.692509
2326,2.3270698,25.312508
2327,5.1023836,13.891766
2328,3.887664,17.625772
2329,8.693172,21.97324
2330,8.068927,35.195312
2331,7.761354,28.711603
2332,3.3444262,21.7855
2333,5.5984263,24.591007
2334,6.872728,24.36506
2335,6.5622325,8.362675
2336,9.334203,14.9056
2337,6.8084035,21.319153
2338,5.475192,32.04659
2339,5.060546,20.435034
2340,5.419162,16.889772
2341,3.9433918,21.404154
2342,4.5967174,11.0675125
2343,7.693578,16.561886
2344,8.159092,31.71569
2345,8.665895,13.523916
2346,5.364546,9.67857
2347,4.4317966,22.41457
2348,2.4711096,27.599737
2349,8.405642,18.317947
2350,3.9367173,15.131054
2351,4.685521,20.179855
2352,2.5592,24.456789
2353,7.191449,24.296835
2354,2.7731152,10.985401
2355,6.396737,26.466137
2356,3.8001537,34.191837
2357,2.3037677,22.656017
2358,3.2894926,19.751781
2359,3.3955586,29.26987
2360,2.848506,18.611832
2361,11.460093,18.059528
2362,6.1974177,26.670628
2363,9.1878395,25.902609
2364,7.574415,22.02211
2365,4.843007,17.594349
2366,7.3288817,28.542519
2367,3.6600502,15.306438
2368,5.109565,24.791363
2369,4.297007,16.780888
2370,4.433571,30.474453
2371,6.173776,19.794695
2372,3.5346732,15.564979
2373,2.7925072,15.865105
2374,7.3065815,23.854107
2375,2.780646,26.566437
2376,9.049671,23.822796
2377,3.9822123,14.698602
2378,3.3967052,15.670057
2379,5.7017965,16.84325
2380,3.1087723,16.574806
2381,9.162166,24.372967
2382,4.2299805,10.771715
2383,3.7099738,12.968447
2384,5.1523333,18.537823
2385,1.8083367,16.80542
2386,6.8975277,21.331089
2387,4.8691998,24.462864
2388,4.572093,17.008934
2389,5.0142746,22.722578
2390,8.425419,21.383776
2391,7.7883573,23.268158
2392,7.3353186,20.600315
2393,4.159936,30.99424
2394,3.0231736,22.39904
2395,4.8958836,14.736036
2396,4.7633257,19.415749
2397,2.3467216,20.26905
2398,2.2068474,9.360244
2399,5.456052,25.103174
2400,3.2801516,13.944077
2401,6.260891,28.104307
2402,5.918256,29.512537
2403,3.1977463,21.254765
2404,4.4433265,20.2196
2405,6.919855,20.312756
2406,3.5868175,25.712042
2407,5.9765825,26.287605
2408,5.371468,10.594248
2409,1.1455729,21.024906
2410,1.5256481,24.610918
2411,2.425003,12.478189
2412,8.499912,29.28038
2413,2.5467281,15.754819
2414,5.7543383,18.22578
2415,8.919764,17.331198
2416,4.816783,30.441004
2417,5.6518607,26.488277
2418,1.4099221,17.089722
2419,5.34475,24.24744
2420,4.7355747,23.993917
2421,1.7826948,21.74812
2422,3.1281621,17.396793
2423,4.7103624,22.135906
2424,5.567849,27.856472
2425,7.4416533,12.236953
2426,6.247985,26.666054
2427,1.8548703,18.908478
2428,3.5005486,15.60417
2429,2.9027634,22.385479
2430,3.5654688,14.532427
2431,5.554628,29.224575
2432,3.664067,20.620651
2433,3.1215997,27.446993
2434,3.980205,23.500244
2435,1.6995456,9.575298
2436,5.193825,15.59923
2437,3.3890104,11.077831
2438,6.290434,24.391268
2439,5.11783,14.996537
2440,7.193748,27.240124
2441,9.244116,25.478785
2442,3.427594,22.276947
2443,2.8988829,23.445688
2444,1.7714632,20.816048
2445,6.879367,16.12897
2446,5.6927886,19.983389
2447,3.350414,25.250082
2448,9.195929,33.40567
2449,6.35626,21.262201
2450,8.550212,20.519506
2451,4.04647,23.754482
2452,6.322796,22.843742
2453,3.0106723,11.808099
2454,6.4219246,7.2547016
2455,4.686983,17.373234
2456,8.243326,26.184713
2457,5.4810977,18.970482
2458,2.26466,18.1995
2459,6.617627,23.355108
2460,11.403444,16.312038
2461,10.6810255,18.540579
2462,5.8411064,14.438083
2463,3.7177863,17.533894
2464,6.3894987,30.821405
2465,3.6119275,26.061487
2466,4.924824,29.750946
2467,5.642826,15.872049
2468,1.8370589,21.545338
2469,5.799698,15.707009
2470,5.2495,18.202465
2471,7.9361825,23.01954
2472,7.540079,20.817411
2473,1.775934,36.926086
2474,4.2580886,15.765234
2475,5.936519,18.319698
2476,6.86329,22.153172
2477,3.7398465,20.95868
2478,6.5890636,25.867313
2479,8.133271,23.84729
2480,4.283849,18.050108
2481,2.2699385,29.291656
2482,10.131041,19.092594
2483,7.164476,21.73925
2484,4.887063,14.387341
2485,5.1862984,17.8012
2486,2.5789075,21.5472
2487,7.515353,28.117613
2488,3.9716926,8.218085
2489,5.7035036,29.474865
2490,6.0150957,38.475006
2491,1.0574188,21.41137
2492,6.6288157,26.025366
2493,3.0205479,22.693785
2494,7.06625,21.129135
2495,6.137268,20.008286
2496,6.912529,22.758512
2497,5.309472,24.616295
2498,2.387057,20.661959
2499,4.004787,24.55103
2500,4.9904613,27.69981
2501,4.5426517,23.560228
2502,4.2784786,19.371902
2503,9.748307,27.908745
2504,8.259297,21.199211
2505,7.6789618,19.913486
2506,4.6959324,12.802954
2507,4.84704,12.307884
2508,1.1837796,22.609009
2509,1.6123137,19.357979
2510,5.3219376,26.35433
2511,5.891222,33.26852
2512,9.3806715,21.626553
2513,4.3421583,14.629276
2514,6.754079,14.324516
2515,4.2363596,24.33789
2516,4.5579247,24.230625
2517,10.470363,19.023903
2518,7.184491,20.599684
2519,3.5869904,17.03852
2520,4.842656,11.660993
2521,3.6362095,14.857845
2522,2.217442,22.403692
2523,2.5551627,21.928677
2524,5.5252714,17.669867
2525,5.3791866,15.722307
2526,4.2959375,20.330713
2527,7.8967824,14.045368
2528,1.9248192,21.8961
2529,6.4428663,21.113434
2530,9.754218,28.168928
2531,5.366338,35.22121
2532,8.347136,19.944115
2533,2.891492,12.59043
2534,2.76761,23.996765
2535,3.563008,16.078033
2536,5.5496364,22.787361
2537,7.3228874,22.143852
2538,2.8414044,17.850594
2539,5.989194,25.737612
2540,6.0418625,20.314507
2541,7.5568314,21.219574
2542,4.262479,17.96526
2543,3.3956208,23.672333
2544,4.598308,14.805695
2545,5.391966,19.18389
2546,3.6890538,23.22141
2547,9.416849,23.166458
2548,4.1922474,10.431765
2549,7.265951,29.743309
2550,2.0037782,17.997047
2551,5.722655,17.807865
2552,2.2831583,28.538353
2553,5.5862074,27.99442
2554,2.8308706,19.392601
2555,5.9666595,27.383337
2556,5.2884884,17.962332
2557,3.7566247,15.664736
2558,3.7429085,16.74276
2559,2.180256,24.017603
2560,5.6344776,18.25584
2561,10.247459,18.202251
2562,9.127506,25.070017
2563,4.412248,17.929934
2564,8.911451,24.85769
2565,4.449818,22.802933
2566,6.609872,23.303183
2567,6.07221,24.806229
2568,4.420439,16.877676
2569,7.0821953,22.549934
2570,3.1488008,16.106846
2571,4.902715,33.2472
2572,7.722167,32.050865
2573,6.9238825,15.622713
2574,5.8371,20.718925
2575,6.198091,22.387217
2576,3.6872594,23.702469
2577,4.320021,12.38948
2578,2.3048503,29.18511
2579,4.093389,25.41637
2580,4.8093405,18.823954
2581,6.0275593,22.287909
2582,4.329781,27.478882
2583,5.6797323,15.7614355
2584,2.4289546,16.18586
2585,5.9071245,16.429348
2586,3.5033643,18.792252
2587,6.934148,28.088058
2588,3.89104,17.116678
2589,7.3726697,27.867502
2590,5.270649,19.2014
2591,3.7419095,19.796774
2592,6.236168,13.014002
2593,4.403839,29.338593
2594,6.480324,30.726986
2595,6.313799,29.663805
2596,7.2267427,36.59583
2597,6.422744,16.86142
2598,8.86129,32.44433
2599,7.47314,16.684723
2600,6.277985,21.023075
2601,3.0270393,13.792345
2602,4.7541857,25.857372
2603,4.98731,23.83794
2604,7.0378222,12.403916
2605,4.0043025,22.64581
2606,7.233408,20.37006
2607,5.1427555,31.172342
2608,7.5793257,20.032509
2609,5.9846187,21.332462
2610,8.872343,16.892311
2611,5.690469,24.457163
2612,5.7628675,17.706215
2613,5.7076817,22.30136
2614,4.7266235,12.768429
2615,3.8155606,21.400616
2616,4.3762407,18.984077
2617,5.786832,11.816318
2618,4.749416,17.990822
2619,4.4160004,30.74653
2620,5.225992,30.278503
2621,6.993718,17.397978
2622,6.9840546,20.939323
2623,2.623224,7.152589
2624,6.423711,19.979313
2625,7.987586,20.76205
2626,7.1571455,25.497774
2627,5.454872,20.281912
2628,8.341972,21.968853
2629,4.8716516,25.270155
2630,4.599044,21.181917
2631,4.513081,15.215247
2632,4.742628,19.356773
2633,7.2941227,14.902714
2634,8.44498,25.477394
2635,3.109482,15.729155
2636,3.7043786,22.43898
2637,4.9886813,17.946217
2638,5.556406,14.054077
2639,5.776988,20.487835
2640,6.722274,13.138819
2641,7.80369,24.512604
2642,5.5445185,11.83881
2643,7.4465055,22.01741
2644,3.1146848,22.766502
2645,3.946899,22.75103
2646,5.1005144,26.606293
2647,3.6775439,12.372614
2648,9.357945,26.143766
2649,7.2172384,7.541388
2650,3.1208353,21.136955
2651,6.1819115,20.110409
2652,2.3271127,27.0163
2653,4.6715546,16.943653
2654,3.046532,14.022342
2655,4.726735,17.270056
2656,4.5886936,13.359507
2657,5.427833,15.080101
2658,6.3569803,25.593153
2659,3.1896064,19.631329
2660,7.367536,23.251146
2661,6.6989937,20.645924
2662,6.308383,34.993176
2663,4.563399,14.628181
2664,5.072323,31.316376
2665,9.829103,40.69049
2666,7.680979,11.682503
2667,2.8930173,14.354978
2668,3.129676,15.70216
2669,4.8276668,17.120903
2670,3.7552905,15.184221
2671,10.271166,30.439308
2672,3.013517,16.256409
2673,2.8589487,24.286104
2674,7.782179,26.355087
2675,7.394065,8.663404
2676,4.472905,25.17364
2677,8.3571205,29.952799
2678,6.40362,22.153639
2679,6.350116,15.811758
2680,6.044056,25.589556
2681,7.9961596,9.365332
2682,8.705776,13.728251
2683,5.1340194,22.968948
2684,3.9856608,26.976067
2685,5.2127047,22.639143
2686,2.2064686,12.8227625
2687,2.909875,20.787828
2688,7.5828505,21.88763
2689,3.4450731,21.43504
2690,0.80726266,16.182322
2691,9.269819,26.158218
2692,8.758223,17.27703
2693,3.3618655,16.222633
2694,2.4939022,31.102869
2695,7.819008,18.1246
2696,4.745064,18.977411
2697,1.8012419,20.342812
2698,6.339175,11.574701
2699,6.3864794,31.255615
2700,6.1651964,27.552956
2701,3.7577944,8.697054
2702,4.0027657,26.579145
2703,10.390209,23.44197
2704,8.588693,24.259396
2705,4.29706,24.499908
2706,8.890909,15.577169
2707,4.8340163,17.047176
2708,3.2132568,20.430813
2709,9.091225,25.184013
2710,5.616719,16.231663
2711,5.7096653,29.311367
2712,7.535435,9.952211
2713,7.7304635,16.807934
2714,8.096677,15.467753
2715,3.097427,13.553644
2716,3.6379004,14.524085
2717,3.418452,11.924448
2718,4.691666,20.092201
2719,5.641488,22.296202
2720,5.9147534,21.222172
2721,7.4510555,23.566542
2722,7.21859,20.511566
2723,5.392475,25.307491
2724,3.276333,27.796343
2725,7.33138,15.732077
2726,2.6278687,31.129332
2727,6.1699047,23.81554
2728,3.7819636,18.009567
2729,5.7929354,18.25338
2730,3.6387472,14.07161
2731,9.053131,24.558603
2732,2.8555984,13.982338
2733,3.5458736,17.941492
2734,8.068312,33.09846
2735,6.095213,19.518581
2736,5.503787,11.703875
2737,4.8317294,11.89613
2738,6.118902,22.888453
2739,8.503651,29.594292
2740,10.512941,24.240253
2741,4.9711657,21.604778
2742,5.4608626,13.281319
2743,2.0791798,17.39146
2744,5.6678658,22.251883
2745,4.5757704,24.966179
2746,5.4110813,15.593886
2747,5.274205,34.711357
2748,9.602742,14.995457
2749,3.7057796,18.61741
2750,5.791486,22.39179
2751,8.423313,20.700306
2752,5.706059,29.888775
2753,2.9723635,8.832496
2754,4.5047164,15.852954
2755,5.9103775,27.729404
2756,4.5718718,26.377272
2757,4.96373,24.178558
2758,4.3687377,8.555967
2759,5.608487,27.693928
2760,6.0503645,17.79002
2761,5.299446,15.139603
2762,5.481887,16.421097
2763,5.148369,15.372674
2764,0.9870946,21.00528
2765,3.0366268,18.339733
2766,8.342325,25.014587
2767,4.090825,20.911026
2768,3.8007452,17.72428
2769,4.558771,26.098343
2770,4.215501,19.229858
2771,3.6455197,12.488959
2772,3.2625585,13.308468
2773,4.6492996,27.961079
2774,3.7574205,15.639805
2775,1.8531277,24.5504
2776,3.7782109,19.255829
2777,5.660646,8.724695
2778,4.0309534,13.497451
2779,6.7207603,18.577812
2780,5.214652,17.05842
2781,5.1403327,14.922022
2782,8.7302265,23.240583
2783,3.120328,20.985136
2784,5.3198643,24.927155
2785,2.2544303,13.77394
2786,9.084068,32.407845
2787,6.4090996,14.472389
2788,7.5935416,13.395977
2789,8.485512,13.977211
2790,4.101645,14.704286
2791,2.1035018,17.35979
2792,4.370928,22.560028
2793,2.2998013,22.572517
2794,4.181862,17.78791
2795,5.0454273,25.877567
2796,4.888764,24.950346
2797,3.589994,22.972626
2798,4.1879005,13.340112
2799,4.2015324,19.09671
2800,7.8023,20.067734
2801,3.8186107,25.349209
2802,3.6777353,6.90175
2803,10.802191,20.093374
2804,4.251618,17.122263
2805,6.9624195,13.976688
2806,4.524213,22.145746
2807,6.454883,17.213009
2808,6.7702513,23.522165
2809,6.1653852,20.366488
2810,5.31985,14.277087
2811,2.2710438,12.937176
2812,3.4077837,27.413805
2813,2.1517305,16.509724
2814,4.4882164,22.758974
2815,4.1331224,21.324284
2816,4.7769437,20.416069
2817,3.7643337,27.010643
2818,3.8074841,15.782224
2819,4.002334,21.631617
2820,3.6047935,15.553642
2821,5.5628014,20.134567
2822,7.431094,30.831188
2823,4.7022934,26.202002
2824,4.774231,14.6158085
2825,12.792093,22.583904
2826,4.7821155,27.384165
2827,5.0815153,19.522392
2828,3.2435956,28.51191
2829,1.5112487,21.063793
2830,7.239562,9.43705
2831,2.5930643,14.319986
2832,2.4437473,20.526186
2833,4.8166037,12.6957655
2834,3.9505086,17.763031
2835,3.0618799,23.518715
2836,3.4461446,9.754368
2837,3.3878832,16.011387
2838,3.717472,22.109531
2839,2.5805335,22.264019
2840,3.5893197,24.579449
2841,4.724126,7.9038677
2842,10.413115,22.06933
2843,11.541688,30.832916
2844,6.6467714,21.889574
2845,5.8909063,16.054394
2846,3.9101002,20.674942
2847,8.672977,19.566582
2848,7.933709,19.05645
2849,4.029494,21.260983
2850,6.8555574,19.740612
2851,5.7528753,34.88439
2852,7.358731,18.470474
2853,6.748957,26.204023
2854,5.0520716,28.802156
2855,4.789466,19.936666
2856,3.7479618,33.24311
2857,3.7620904,17.026686
2858,4.2601604,20.865942
2859,5.9971743,21.420044
2860,8.253228,22.167927
2861,8.833076,21.17483
2862,4.6909213,22.031418
2863,5.19691,27.35608
2864,3.104467,15.460981
2865,4.803655,11.298544
2866,4.297161,27.484686
2867,4.7977333,15.284794
2868,7.183877,18.503492
2869,2.2342513,15.771428
2870,7.206793,9.476623
2871,4.7257023,18.353497
2872,3.5166914,29.460938
2873,5.555553,31.12239
2874,3.73015,22.483791
2875,3.8963265,25.342974
2876,4.194002,20.27799
2877,3.7429957,14.115755
2878,3.2754798,31.031912
2879,4.893519,21.28537
2880,6.4717913,12.119549
2881,2.0245376,25.87684
2882,9.438383,20.527725
2883,7.4340973,14.643668
2884,3.7766166,11.317237
2885,3.512066,23.759636
2886,3.8368511,20.409264
2887,2.6352055,21.359459
2888,12.698216,20.59041
2889,2.6035182,18.182123
2890,5.1318593,18.813696
2891,10.021349,15.792823
2892,5.028861,27.576408
2893,5.8850784,17.097557
2894,4.8052263,23.813585
2895,6.67479,22.805107
2896,4.0912337,16.247505
2897,5.1622753,36.591476
2898,5.2019253,28.290148
2899,6.3471866,19.706675
2900,8.368231,18.255917
2901,8.42582,18.02058
2902,8.817834,22.186321
2903,4.8769064,20.297554
2904,6.484973,13.4265
2905,3.500594,20.351913
2906,5.1161623,39.69224
2907,7.0432487,14.868614
2908,8.894245,25.678446
2909,2.7489166,26.58385
2910,7.3225493,22.862118
2911,3.0029397,26.967178
2912,5.798544,7.73514
2913,6.229483,8.920429
2914,3.0935597,28.506584
2915,7.611789,23.519188
2916,3.4158468,17.144634
2917,2.7572799,24.63433
2918,5.3739066,30.932016
2919,2.82772,24.635786
2920,4.3143196,15.13971
2921,5.738406,26.114445
2922,3.1684713,13.598854
2923,2.4091413,15.505922
2924,3.3671908,24.049667
2925,2.9266346,29.729101
2926,3.0083265,20.296036
2927,2.9579902,19.340263
2928,4.4305468,19.017826
2929,5.4067545,17.342506
2930,6.302256,23.06943
2931,8.304543,18.333576
2932,4.7949586,13.289738
2933,4.459595,22.720991
2934,8.219027,16.435144
2935,4.4945283,22.77761
2936,6.0592494,21.88261
2937,6.7534895,16.959738
2938,4.641133,23.509691
2939,3.9163423,13.271529
2940,5.271142,25.778744
2941,5.229707,32.60009
2942,6.3414307,15.597566
2943,7.339752,29.2901
2944,3.7660341,27.654758
2945,3.2862535,25.469032
2946,6.446661,25.7247
2947,4.913063,21.469254
2948,4.650218,18.862946
2949,2.7267923,15.617878
2950,3.9736114,21.10511
2951,4.4527693,20.735909
2952,5.036339,15.056476
2953,5.199091,23.893456
2954,7.160824,22.8626
2955,3.8311112,17.615837
2956,5.7374125,22.636728
2957,5.677396,8.982973
2958,5.6941824,11.758159
2959,3.957019,17.671318
2960,3.5139637,24.119812
2961,3.076234,36.06998
2962,4.8431683,19.377668
2963,6.5185795,23.723349
2964,3.7711174,21.175781
2965,9.210949,19.07535
2966,5.113263,19.435482
2967,5.280286,27.620682
2968,7.210101,19.566275
2969,9.106033,23.048079
2970,4.73098,21.201637
2971,3.0249171,9.245268
2972,2.7178245,32.314537
2973,5.247965,25.780981
2974,3.3244913,26.669327
2975,2.3433547,20.112736
2976,4.423253,20.849773
2977,3.8318987,23.45898
2978,6.2024717,21.90643
2979,5.0329847,20.818813
2980,5.4965,25.37413
2981,4.2861648,24.677689
2982,7.0050087,26.29361
2983,5.919101,23.523586
2984,4.388488,21.633064
2985,8.320222,22.824036
2986,2.0150113,16.458021
2987,5.371537,24.527935
2988,5.036847,15.286034
2989,4.4514165,21.172073
2990,2.7584605,20.784904
2991,1.3739107,29.002956
2992,8.674211,13.589558
2993,3.533733,17.398441
2994,2.4041557,12.495485
2995,9.116253,18.613798
2996,6.2763357,21.32164
2997,7.3507605,21.54308
2998,5.7952094,20.298857
2999,4.6611176,17.281017
3000,7.5766106,17.884537
3001,8.490952,15.690201
3002,3.6150293,19.786938
3003,6.5697727,26.168957
3004,4.018347,18.128128
3005,6.5430403,13.836249
3006,1.577477,28.275711
3007,6.8016267,18.168018
3008,7.127162,19.300577
3009,9.473177,20.63393
3010,8.659673,19.282566
3011,1.9651623,13.850409
3012,9.244006,19.346706
3013,1.2903173,15.363459
3014,4.358184,20.81809
3015,6.6280265,11.608467
3016,5.9656954,22.712053
3017,5.1979175,14.46213
3018,2.8631816,17.03106
3019,4.0561275,20.860966
3020,4.4367294,22.192312
3021,11.241735,26.984484
3022,2.1796024,27.439957
3023,3.3983076,17.113914
3024,2.3451393,22.817747
3025,3.5307462,22.715244
3026,4.249095,23.526531
3027,3.2181015,15.789396
3028,6.2399173,18.555016
3029,8.499886,25.468313
3030,3.6866705,17.222885
3031,5.8795633,22.940136
3032,1.9680016,18.01087
3033,7.9635553,29.868195
3034,2.8527021,11.620113
3035,6.0928698,20.770395
3036,4.381959,22.969307
3037,2.8732123,18.401993
3038,3.0942159,25.428947
3039,4.492906,20.460262
3040,5.3244104,23.77009
3041,4.7952337,17.008339
3042,5.551782,11.563273
3043,8.98105,22.21323
3044,5.567349,24.572565
3045,3.2160413,22.89097
3046,6.034136,11.964502
3047,6.4903183,23.598747
3048,7.48813,15.434315
3049,4.6463003,20.030235
3050,4.9483004,18.703394
3051,2.9740093,13.197729
3052,1.6635263,28.847689
3053,2.7760532,24.344643
3054,5.9298153,16.850187
3055,5.787145,18.351528
3056,4.489072,11.460728
3057,6.6401567,23.368984
3058,6.5868454,25.458792
3059,6.499307,23.959015
3060,5.710022,26.552242
3061,10.189787,33.02034
3062,6.2524843,30.640265
3063,9.856775,16.30338
3064,3.8038726,12.466836
3065,9.124048,13.785723
3066,8.737547,15.509528
3067,4.53741,10.211991
3068,4.577417,14.377804
3069,6.2484756,30.223984
3070,9.353865,8.168301
3071,4.0702834,19.156826
3072,2.3591704,17.275547
3073,5.242355,21.754692
3074,5.582204,17.365944
3075,6.45928,12.926828
3076,2.0626059,11.885485
3077,4.173247,14.135901
3078,4.7013016,29.948738
3079,4.174524,13.676831
3080,3.993237,29.80783
3081,4.9245663,17.839878
3082,11.511935,25.0533
3083,5.54553,9.357889
3084,6.5396566,20.868666
3085,2.2725425,9.910498
3086,7.0168896,24.82681
3087,3.7129774,16.43909
3088,6.0505943,8.256601
3089,3.157883,20.331375
3090,6.378651,16.83711
3091,8.857718,23.916376
3092,11.358942,16.94443
3093,5.6513405,25.797182
3094,2.9209373,26.743265
3095,3.3066833,21.6293
3096,2.6949022,21.748222
3097,5.5650454,11.600877
3098,2.1739974,18.545658
3099,1.2229224,27.932878
3100,4.1028237,21.40681
3101,5.8503513,12.774702
3102,5.7807336,25.660261
3103,7.3401217,28.644838
3104,4.825345,20.710045
3105,2.3055937,13.733038
3106,5.822413,20.850853
3107,7.250412,17.412163
3108,3.6127384,11.446197
3109,5.7248015,8.292911
3110,6.279246,20.153576
3111,4.8703847,21.023142
3112,6.7198725,16.673798
3113,7.452239,21.624056
3114,5.425662,19.729824
3115,7.89489,20.65699
3116,3.630756,15.397681
3117,1.4508617,17.73296
3118,5.691393,20.550463
3119,6.1126337,17.510773
3120,3.9993997,20.72594
3121,4.386292,22.9555
3122,5.9559317,19.677227
3123,3.04534,16.197918
3124,5.6135263,21.13233
3125,8.887892,15.779583
3126,7.249275,21.242804
3127,3.054648,23.661919
3128,2.9809809,23.914417
3129,7.561641,23.854506
3130,1.6310918,23.273586
3131,1.4751511,19.043795
3132,4.080126,22.908691
3133,3.8156435,12.985033
3134,8.298269,24.658215
3135,4.462409,28.646507
3136,6.8370867,20.40446
3137,6.553115,12.195075
3138,5.2795362,17.29773
3139,3.283081,17.106583
3140,8.836542,24.084824
3141,7.0152287,11.688718
3142,8.862307,27.698101
3143,5.2965517,32.57545
3144,3.3474026,20.028229
3145,6.797098,29.149164
3146,9.676521,26.279325
3147,7.4103184,21.945967
3148,4.651995,7.7184277
3149,4.920437,8.983266
3150,5.096082,20.186104
3151,1.897781,12.399389
3152,3.671761,15.4653225
3153,6.173769,19.348959
3154,2.7751703,21.607212
3155,3.1057196,19.063763
3156,4.9655466,26.502998
3157,7.2743187,15.551452
3158,4.821852,20.07791
3159,5.719921,22.825268
3160,3.1666813,23.286346
3161,5.4247313,32.532814
3162,2.6673553,13.761749
3163,3.500495,25.332602
3164,2.4820967,16.497978
3165,6.689287,28.337946
3166,8.396325,29.427267
3167,4.782772,31.26725
3168,2.019312,9.118433
3169,2.5924356,23.068403
3170,3.2016633,22.47256
3171,6.4008694,25.643475
3172,7.4674387,13.378561
3173,6.4068327,18.548279
3174,3.110484,27.128582
3175,6.646331,19.38835
3176,3.349398,10.889465
3177,6.790337,29.439705
3178,7.6423264,25.131285
3179,3.1386166,22.216301
3180,4.546339,23.134699
3181,3.1344428,22.373707
3182,3.717886,19.759104
3183,6.0655375,22.557554
3184,3.914855,19.456375
3185,9.973827,25.940594
3186,5.907775,23.342743
3187,3.713924,19.36421
3188,3.6592517,14.702791
3189,10.304552,24.89307
3190,6.9871573,20.03232
3191,7.2359095,20.80652
3192,7.384206,18.717798
3193,3.7858644,20.885733
3194,2.1378481,22.087597
3195,4.9733176,19.918629
3196,7.2662,19.60264
3197,3.2587862,19.935257
3198,4.952276,25.857891
3199,7.8945827,16.093008
3200,5.260133,29.850597
3201,4.4356656,16.970894
3202,3.6724157,21.028946
3203,3.5916665,25.371494
3204,7.5232077,13.895954
3205,5.2809744,17.233679
3206,6.5988235,19.716793
3207,12.603968,17.830933
3208,5.8120294,22.185158
3209,5.455509,17.105701
3210,4.9389887,18.967478
3211,5.2284985,28.842844
3212,4.585829,18.186857
3213,7.1904316,23.442196
3214,5.6062546,15.249573
3215,6.8972387,16.725971
3216,7.153078,19.214066
3217,4.3145638,15.936126
3218,5.3639207,28.731632
3219,4.054521,23.507534
3220,10.241251,18.224678
3221,4.820854,11.3531475
3222,5.322235,27.099104
3223,6.704317,18.490402
3224,5.7104115,19.93053
3225,4.9303474,13.861095
3226,4.4185147,23.587355
3227,3.999777,23.5098
3228,3.2695096,11.779158
3229,3.463752,14.571237
3230,6.4722204,26.884182
3231,5.958646,20.803543
3232,0.60178685,27.051807
3233,5.593487,23.268538
3234,9.040948,18.95855
3235,5.200094,23.437672
3236,5.153268,17.08141
3237,2.8667517,24.125948
3238,4.871489,25.077976
3239,3.860092,20.4244
3240,5.7368774,9.684729
3241,4.5217,24.529697
3242,5.7031646,23.144423
3243,7.2454786,23.148308
3244,6.320832,15.174189
3245,6.226874,21.78019
3246,5.6600776,19.672327
3247,3.6520545,16.7613
3248,3.675581,21.59486
3249,4.5271525,19.816734
3250,3.6487665,28.105263
3251,5.5367613,21.897255
3252,4.830886,25.072708
3253,5.8540535,27.901203
3254,2.5507252,22.087818
3255,5.3392277,23.270279
3256,3.919187,19.132801
3257,4.145382,18.039951
3258,5.707184,20.779037
3259,5.358635,18.36726
3260,6.2761517,9.590727
3261,7.2959495,12.680609
3262,3.5370688,18.562572
3263,2.844287,15.377907
3264,4.2934732,26.550943
3265,4.3009005,25.72564
3266,3.6082332,18.163923
3267,7.9924836,27.37403
3268,5.301093,19.138485
3269,8.445336,16.208448
3270,5.527095,23.078789
3271,4.962208,16.278017
3272,6.7277246,12.02867
3273,1.2589759,15.686462
3274,6.5660844,15.8895035
3275,1.568008,18.089428
3276,4.3806896,17.891562
3277,7.9235697,8.493499
3278,6.596619,18.120266
3279,6.474187,24.473003
3280,5.408115,13.457796
3281,3.8145084,18.67025
3282,4.0338106,8.598511
3283,3.1932998,14.026694
3284,4.1952515,17.07262
3285,3.8539743,26.280407
3286,3.934669,18.472712
3287,3.5511432,24.966843
3288,6.4267097,15.813494
3289,5.9745283,20.476921
3290,6.092759,19.392244
3291,2.5531745,17.44563
3292,3.902485,7.673173
3293,8.620999,26.526062
3294,5.1578665,20.83897
3295,5.2807746,19.649906
3296,5.0791283,14.720876
3297,4.06307,18.27898
3298,7.2622423,19.047329
3299,8.403248,15.56789
3300,7.5845766,21.796795
3301,5.1078434,21.128635
3302,6.3649836,24.339174
3303,5.531805,14.667781
3304,4.900399,22.513453
3305,9.021214,5.58895
3306,3.5197287,21.60487
3307,4.7772827,12.140049
3308,4.843634,11.387437
3309,2.6749158,22.973862
3310,3.7049923,20.838326
3311,3.4345388,12.870113
3312,2.8741956,16.865074
3313,3.0663102,23.831535
3314,6.5985885,22.91634
3315,6.4576845,22.039242
3316,6.0970764,25.613022
3317,6.638268,28.261314
3318,2.280375,20.511429
3319,7.2616873,24.82723
3320,6.5667725,26.28823
3321,5.5061784,20.895842
3322,7.5506616,18.111744
3323,3.0280097,23.867493
3324,5.9952555,29.270435
3325,1.3464937,11.750313
3326,3.7203617,9.451542
3327,7.6423473,18.470623
3328,6.5999136,19.127182
3329,8.387845,17.768393
3330,7.283707,23.03331
3331,6.4040785,13.533507
3332,5.4300146,32.64344
3333,7.060977,23.10056
3334,5.1036572,11.764036
3335,4.1740437,33.934307
3336,4.935747,16.767101
3337,7.3939786,25.950186
3338,5.6853466,29.016869
3339,6.567892,27.1358
3340,4.314696,22.762823
3341,3.1352146,18.082401
3342,5.1920185,24.529278
3343,8.356427,18.196241
3344,3.7019563,19.99552
3345,5.8781548,17.639782
3346,6.362879,15.327107
3347,8.028414,19.243284
3348,2.7997992,14.167194
3349,8.648771,35.801033
3350,4.4287367,19.535616
3351,5.442272,19.709965
3352,6.191635,17.556156
3353,8.651443,17.64149
3354,2.0585048,19.855362
3355,3.992762,24.743256
3356,3.0699887,22.852596
3357,6.577425,19.740309
3358,7.7962065,23.53855
3359,8.62682,14.134775
3360,4.180766,16.98005
3361,4.375896,19.018768
3362,4.8104525,20.771122
3363,6.6675043,19.547764
3364,7.751742,26.095886
3365,6.4403186,18.72616
3366,4.362978,26.731697
3367,5.887433,24.332493
3368,9.235022,32.153244
3369,5.9245973,11.714653
3370,2.480836,23.835487
3371,5.595299,19.088894
3372,8.943724,29.680717
3373,6.4851,32.817223
3374,2.01133,21.386908
3375,4.276269,11.023548
3376,2.8970098,23.831854
3377,2.1920683,22.885288
3378,5.744252,22.912426
3379,1.9539461,10.101223
3380,3.979175,18.682821
3381,2.3380313,27.743208
3382,7.5878086,24.26397
3383,5.3071613,20.10965
3384,9.946344,24.137018
3385,5.5185423,32.41088
3386,4.1004906,20.909554
3387,5.480155,16.91645
3388,2.9833999,28.945599
3389,5.1165986,21.796518
3390,5.402775,18.242085
3391,6.4938154,21.758656
3392,7.430845,19.891994
3393,4.40598,22.899397
3394,6.050989,21.6876
3395,7.660239,24.052269
3396,6.6310368,22.773502
3397,6.752307,19.571583
3398,4.480169,22.235374
3399,5.5570765,17.792519
3400,4.8195877,22.531773
3401,3.3490627,33.373512
3402,2.350038,14.052107
3403,5.842049,16.437798
3404,4.7753496,15.431271
3405,3.9100363,20.086033
3406,4.622569,12.245726
3407,2.726306,19.339886
3408,6.740368,23.236727
3409,3.7837925,23.757103
3410,2.1660304,19.171776
3411,1.0978218,17.309109
3412,2.9604015,28.326233
3413,5.9397016,21.744556
3414,3.4365242,18.104025
3415,2.410295,23.678186
3416,5.878553,21.076042
3417,3.504256,18.720846
3418,6.171497,18.640705
3419,9.1678295,20.341131
3420,7.275344,21.95847
3421,5.52582,23.678654
3422,5.8260484,24.869942
3423,5.4012156,19.51513
3424,8.296245,24.702835
3425,4.914013,15.619173
3426,2.610182,16.632977
3427,8.846849,12.622975
3428,8.0953045,15.1357565
3429,5.5805335,23.979313
3430,5.0898767,29.650366
3431,8.052675,24.09768
3432,6.403045,19.008041
3433,4.1205816,22.930325
3434,7.9390035,17.075638
3435,3.9738293,17.936045
3436,5.3617945,16.53825
3437,3.9394712,24.832283
3438,5.6346064,23.167309
3439,4.223422,29.341179
3440,4.2430067,27.171638
3441,5.3610363,21.593887
3442,5.0110035,18.21737
3443,7.3324823,12.845814
3444,7.4745293,19.000551
3445,4.699216,21.926952
3446,5.5697107,19.163204
3447,9.99231,19.899002
3448,5.1427,12.09989
3449,5.683198,13.862827
3450,10.690812,22.132452
3451,2.1212478,19.738598
3452,4.974841,22.837818
3453,2.717198,13.9063835
3454,5.3402057,20.03531
3455,1.4125159,23.184895
3456,6.7935495,18.767696
3457,5.2157526,21.14662
3458,1.7929353,12.572485
3459,12.338414,22.962841
3460,2.9085555,19.439758
3461,5.023192,19.683321
3462,7.0637503,27.408476
3463,7.5784945,18.33936
3464,5.068986,19.596176
3465,4.130902,25.285809
3466,2.321113,16.960648
3467,3.0157008,21.705456
3468,8.069429,14.74597
3469,7.9198117,17.361
3470,5.692722,32.571037
3471,3.917787,13.016355
3472,10.273062,15.112678
3473,7.867854,20.70335
3474,5.830982,27.880747
3475,2.9162045,20.08733
3476,1.2192644,25.656557
3477,5.0307302,18.240093
3478,5.567544,24.705769
3479,4.895836,37.187508
3480,4.114611,15.540266
3481,5.4884005,13.502437
3482,4.09829,17.106668
3483,2.718574,17.925972
3484,3.6401489,18.075941
3485,2.8056674,20.00083
3486,5.804782,24.245321
3487,1.8645031,21.521137
3488,6.5593815,12.829429
3489,6.0709715,21.053041
3490,6.703141,24.002626
3491,4.693348,15.742051
3492,4.058855,16.996088
3493,2.5929277,8.435475
3494,5.067494,13.6221695
3495,8.237643,18.88524
3496,7.7811794,24.196983
3497,5.2797046,22.656847
3498,2.739465,8.377644
3499,3.3882651,18.091745
3500,3.6033237,16.814604
3501,4.7908154,16.88063
3502,4.8687677,27.172085
3503,5.6372056,27.682158
3504,3.8402286,19.665947
3505,4.332461,19.023937
3506,2.150486,26.465435
3507,3.5928242,19.02029
3508,6.8099365,13.790172
3509,3.3519626,24.760807
3510,7.296138,21.922073
3511,4.807615,10.441004
3512,4.2634015,13.368256
3513,4.168111,24.943588
3514,4.807453,12.718403
3515,3.6635215,29.858538
3516,9.395035,24.293331
3517,5.932146,19.524008
3518,4.712922,16.594648
3519,6.2710953,27.57891
3520,4.535599,12.826353
3521,6.968299,18.399405
3522,4.6073313,12.245115
3523,5.0191097,30.203043
3524,4.3861847,17.944572
3525,5.1470184,23.802303
3526,2.6952598,20.656057
3527,4.7804575,11.413008
3528,4.1590376,24.002987
3529,6.548381,25.633276
3530,6.109978,22.495127
3531,4.9493494,19.56157
3532,5.0580144,21.932316
3533,8.515288,12.737005
3534,5.225542,28.169704
3535,6.645395,12.698576
3536,5.1184835,6.1246734
3537,4.494635,9.820271
3538,5.3813705,26.332123
3539,4.5527897,23.11354
3540,9.559912,28.878963
3541,4.911267,10.767535
3542,7.1617804,21.418627
3543,5.393512,15.633223
3544,6.5459156,15.952565
3545,4.1499796,13.913618
3546,3.9342818,23.277935
3547,3.5619748,23.810827
3548,4.6342344,25.397
3549,7.7206717,27.46043
3550,5.0023966,10.868871
3551,8.621368,28.817997
3552,7.834942,18.109325
3553,2.5322626,16.960884
3554,9.249718,28.63412
3555,5.746786,12.921371
3556,7.6986785,18.873007
3557,10.645483,26.863602
3558,3.2989058,12.119284
3559,4.363609,15.957734
3560,4.363797,10.273363
3561,8.388453,18.38792
3562,5.5092325,23.305664
3563,8.997653,0.0
3564,3.4386516,15.084859
3565,3.8519669,16.963757
3566,5.4254017,9.346128
3567,4.9753976,14.517412
3568,5.4620457,12.651378
3569,5.8807464,24.610476
3570,3.4914787,14.550466
3571,7.8143544,18.804052
3572,6.636738,15.2196665
3573,4.5402484,15.575869
3574,3.5680237,19.2802
3575,10.130217,23.041115
3576,3.063633,22.273926
3577,4.6565933,27.790592
3578,6.3257804,12.180769
3579,5.797509,24.876675
3580,5.509813,27.439568
3581,8.59564,8.437122
3582,6.914048,21.34546
3583,4.777754,16.313503
3584,2.240973,14.030689
3585,1.9931183,16.588749
3586,1.8747131,17.993143
3587,7.9694004,24.213451
3588,4.735745,13.766177
3589,6.0607014,21.723133
3590,4.0081215,9.426722
3591,4.34777,14.200861
3592,6.9131513,15.935949
3593,7.5434074,16.47089
3594,4.217117,18.474981
3595,4.3026223,11.359834
3596,6.7092447,19.8493
3597,4.6916704,24.32571
3598,4.8502545,13.171785
3599,0.6895117,24.093002
3600,2.9766934,29.715065
3601,3.0588093,29.065876
3602,4.0373464,26.977623
3603,6.3700085,21.517902
3604,5.0295615,19.981804
3605,3.303424,15.277346
3606,10.286264,22.25342
3607,3.5831747,19.90371
3608,7.3138866,19.324486
3609,7.9355125,11.605893
3610,8.261475,29.384354
3611,3.0651486,14.446441
3612,8.937262,28.553139
3613,9.565308,22.375301
3614,4.3891373,20.698784
3615,5.388631,14.631226
3616,3.4851599,16.580715
3617,9.085596,20.69435
3618,6.1228666,25.810972
3619,4.005764,20.104168
3620,1.9266925,16.604227
3621,3.5778465,22.213741
3622,4.8638644,24.895689
3623,4.5949583,20.048393
3624,4.378538,29.206856
3625,6.2632895,28.138279
3626,7.167104,21.469433
3627,2.828123,7.4348264
3628,3.8166103,19.601519
3629,4.048789,25.120743
3630,5.091276,19.761059
3631,1.9372505,17.951702
3632,1.7757792,34.58614
3633,10.058023,24.274727
3634,7.006214,24.091934
3635,5.5435276,18.487076
3636,9.263035,20.984125
3637,6.6949205,10.212564
3638,3.8923647,15.01306
3639,5.1013365,21.320316
3640,5.219594,17.685009
3641,4.663197,20.521399
3642,5.0477753,24.686699
3643,4.498056,18.361698
3644,5.3834147,21.691505
3645,7.3910856,14.565134
3646,1.2185092,21.250114
3647,6.7342877,17.699608
3648,4.0987787,18.55724
3649,3.5707347,24.838257
3650,1.7270987,27.899391
3651,2.9710855,13.69181
3652,4.305524,15.169348
3653,4.6758337,17.381245
3654,9.76056,18.682129
3655,10.392805,19.04425
3656,4.5909605,22.647575
3657,8.582922,22.126814
3658,6.4697948,18.257282
3659,5.2262325,12.663807
3660,5.3033643,25.813236
3661,2.6729558,16.989174
3662,4.426667,25.879917
3663,7.0447664,20.436438
3664,5.5502214,15.410196
3665,6.0143104,21.45251
3666,4.1504245,23.013752
3667,5.8208704,14.4061775
3668,2.9995413,16.054241
3669,3.3517907,15.747716
3670,12.797821,30.128292
3671,2.1006784,21.540524
3672,2.9523106,11.231816
3673,2.588186,15.9157915
3674,8.198914,11.628813
3675,6.1894236,19.267387
3676,4.640312,9.992153
3677,10.218244,22.567467
3678,7.319226,15.326932
3679,5.1682405,8.323547
3680,5.033629,20.417988
3681,8.049508,35.341927
3682,2.570755,17.004478
3683,4.1688576,24.158035
3684,7.2449512,29.762863
3685,3.6978183,16.097443
3686,6.3028784,23.413498
3687,4.7101145,25.081371
3688,3.2483072,21.959118
3689,5.7026443,21.926205
3690,3.2292562,23.92039
3691,5.9178414,22.42556
3692,3.4848728,13.367489
3693,9.05851,28.07936
3694,8.85443,16.532013
3695,5.0137506,18.23915
3696,4.693802,9.94598
3697,5.917446,23.181581
3698,4.4496703,32.690987
3699,2.1557994,12.121791
3700,6.485362,22.222347
3701,4.1096244,23.065369
3702,9.259879,16.30227
3703,4.3640594,19.375189
3704,3.7865794,21.99878
3705,1.9550712,13.951403
3706,4.468725,25.148804
3707,6.577616,11.552885
3708,6.6103196,31.290663
3709,5.8848352,31.041199
3710,7.6442432,21.03617
3711,6.4705973,22.076145
3712,4.0338736,26.193623
3713,4.1151767,18.767063
3714,5.306431,18.574902
3715,3.4522152,15.004467
3716,2.9679122,27.880175
3717,5.259591,9.040077
3718,7.301116,23.924627
3719,9.713856,21.51199
3720,2.1180058,10.237776
3721,2.5181868,22.028
3722,0.8109963,27.080233
3723,3.4404361,13.87442
3724,3.5638127,19.213203
3725,3.172431,22.965084
3726,4.6425276,13.917105
3727,5.6377172,31.698156
3728,6.3369217,16.814863
3729,7.001015,19.010939
3730,3.0337992,25.224937
3731,3.9899738,20.721947
3732,4.416223,30.23308
3733,3.99633,19.18586
3734,4.533884,22.294779
3735,3.873639,12.172113
3736,7.7088623,14.5144825
3737,4.7575397,18.36739
3738,6.5941544,29.702335
3739,4.2897305,16.031385
3740,2.5086126,13.377127
3741,2.7451425,24.862911
3742,7.4245214,24.124815
3743,7.173732,22.278088
3744,4.955001,8.157406
3745,2.5432098,17.683445
3746,5.352229,13.895569
3747,7.4079924,17.909534
3748,5.873866,23.353672
3749,7.2146053,20.562641
3750,1.4751778,15.952549
3751,6.3396854,29.74329
3752,5.9463987,24.42217
3753,8.690376,22.56395
3754,4.0541406,21.755283
3755,11.799577,16.139338
3756,5.1101103,13.683838
3757,2.2746108,24.469585
3758,5.024328,10.081654
3759,6.7235193,17.925816
3760,5.840173,24.985565
3761,6.646145,24.03178
3762,4.262644,16.855957
3763,4.857586,24.957779
3764,1.9548724,25.300026
3765,9.028967,26.450508
3766,3.284739,19.028557
3767,4.7702594,21.071358
3768,5.1736145,27.63362
3769,3.895132,19.753035
3770,5.135724,18.013754
3771,3.543878,11.525875
3772,2.0886297,15.631187
3773,5.0511174,29.401571
3774,4.7000427,23.519367
3775,5.398137,25.41835
3776,4.2842574,17.473383
3777,5.785969,30.203812
3778,6.3702717,23.759907
3779,6.534464,16.294888
3780,6.525536,27.357388
3781,6.214493,13.953587
3782,5.166725,24.273602
3783,4.663703,22.831734
3784,5.0429273,17.516762
3785,7.6459312,27.403473
3786,4.730631,15.525378
3787,2.5802884,12.410934
3788,4.0126925,21.001621
3789,6.549057,20.48325
3790,4.8907585,29.435604
3791,5.7829614,18.59281
3792,5.301492,24.384789
3793,4.537241,15.170277
3794,4.2703457,14.905223
3795,3.108935,17.99731
3796,3.6758099,24.334064
3797,3.5443072,12.426835
3798,4.3249416,27.962944
3799,4.425878,15.687437
3800,3.5085046,17.233881
3801,5.219286,32.61521
3802,2.5690517,19.095242
3803,6.2665973,24.228367
3804,3.0004516,19.489403
3805,7.1000934,19.580147
3806,5.348065,16.992931
3807,3.734789,15.707779
3808,7.0789275,25.310497
3809,7.2399025,14.685226
3810,2.8419263,18.935444
3811,4.6406937,14.927561
3812,5.4087815,18.506462
3813,4.749711,18.198921
3814,2.1292174,22.62787
3815,4.609085,26.685957
3816,1.9174521,9.671921
3817,3.7124307,19.045341
3818,1.7907866,19.25991
3819,6.279755,16.86211
3820,9.962591,9.738529
3821,2.4060001,11.329725
3822,4.5793,14.672676
3823,3.8967328,10.023079
3824,2.9778767,16.879139
3825,4.7027445,29.268742
3826,4.362256,23.235346
3827,5.099943,28.358263
3828,9.796391,16.58886
3829,3.5196753,18.911299
3830,4.746955,20.460032
3831,6.5978613,19.905132
3832,4.6552672,11.315594
3833,8.245827,25.509638
3834,5.6418877,18.87904
3835,7.2938285,22.536535
3836,6.2452917,16.131935
3837,6.1159554,21.134272
3838,1.879837,20.232916
3839,5.565989,20.777248
3840,4.296115,26.848427
3841,2.629979,13.892517
3842,3.0388794,20.700386
3843,3.8094583,15.782474
3844,0.806653,29.536343
3845,4.2318554,9.748249
3846,4.2993145,14.217055
3847,5.467865,18.721943
3848,7.3918176,24.5335
3849,8.590019,22.210333
3850,3.9334521,11.76004
3851,3.9560204,19.32306
3852,5.951817,16.044983
3853,4.500433,35.45667
3854,6.6357117,17.278816
3855,5.5570903,17.837343
3856,5.0925236,18.088226
3857,5.0816107,15.5847645
3858,5.8599606,20.926544
3859,4.9515877,31.12408
3860,8.703989,25.713078
3861,4.374504,30.29583
3862,2.8550959,16.43881
3863,3.010881,10.854131
3864,8.869888,28.025124
3865,6.3041515,22.711924
3866,6.2031984,21.68376
3867,6.3497467,16.14769
3868,5.3152795,15.868429
3869,5.0317054,25.677786
3870,4.800609,17.523687
3871,5.8666744,29.954243
3872,5.55245,23.362648
3873,4.525766,26.228596
3874,5.3445234,17.87429
3875,6.996812,29.083813
3876,1.3340302,34.12217
3877,7.5578947,26.77076
3878,3.1220868,16.201912
3879,4.505793,19.418718
3880,4.7238364,17.385084
3881,6.811244,15.158752
3882,9.201997,35.305496
3883,6.3094215,19.644417
3884,3.5864823,8.87748
3885,3.1815004,23.221985
3886,2.5720563,12.5966625
3887,7.9565268,19.083906
3888,3.2182193,20.174202
3889,8.278241,26.181892
3890,5.796499,24.004864
3891,2.5574207,21.364803
3892,5.941318,21.976746
3893,9.911271,21.454851
3894,1.565005,19.455532
3895,1.914697,10.366884
3896,4.4093466,19.326551
3897,5.799926,11.498095
3898,7.5913086,24.407534
3899,4.7004685,15.81896
3900,3.4467254,18.27783
3901,4.6604843,16.830956
3902,5.464404,11.303453
3903,4.1638327,13.231129
3904,10.081966,28.166914
3905,2.906734,13.600767
3906,4.0114374,25.448383
3907,5.7926216,12.683818
3908,3.644404,27.371876
3909,5.512764,25.093966
3910,2.7066581,22.369438
3911,4.6720614,23.60866
3912,3.128612,26.201172
3913,2.6088693,22.196602
3914,5.9229164,32.69735
3915,2.9637518,20.219913
3916,4.900631,14.289741
3917,7.9715595,31.304522
3918,7.882892,20.174173
3919,4.475212,9.263626
3920,6.4965777,17.768578
3921,3.060614,22.37328
3922,3.782522,12.568026
3923,6.462048,27.630272
3924,1.9490194,21.366127
3925,3.903361,16.42829
3926,4.391905,19.902012
3927,3.455346,13.305328
3928,4.5672646,22.940998
3929,5.420831,8.588861
3930,4.8610873,16.053572
3931,2.9035892,26.523037
3932,4.384386,23.231804
3933,7.805895,18.132757
3934,2.573199,26.617699
3935,5.032031,17.203323
3936,3.8962038,27.538025
3937,5.9859705,15.049038
3938,4.024513,13.9655
3939,8.477167,20.960175
3940,4.5068617,22.748144
3941,2.7728152,23.02398
3942,6.3012853,13.220965
3943,10.345458,21.75402
3944,5.594833,15.849199
3945,3.8355625,23.9878
3946,7.2424707,31.683945
3947,6.2508764,10.731655
3948,8.084032,13.909566
3949,8.879037,29.079594
3950,2.9952614,27.564802
3951,2.7623,21.915543
3952,4.0070763,21.251257
3953,6.3246593,12.607824
3954,7.5604157,18.324162
3955,3.33251,15.145338
3956,3.2256107,12.134797
3957,10.638665,16.787579
3958,4.3083878,22.700115
3959,4.9765553,20.192558
3960,3.8165977,14.48132
3961,5.473796,18.92753
3962,4.181163,20.501534
3963,4.6774626,17.307098
3964,4.854249,17.771149
3965,3.6644917,22.664486
3966,6.5501685,23.71585
3967,4.113333,17.53452
3968,4.369669,10.598829
3969,6.800539,26.066986
3970,3.101676,14.898249
3971,4.836174,14.342753
3972,5.484318,14.233934
3973,1.613381,19.62483
3974,4.334096,16.546011
3975,3.7982256,11.724995
3976,6.3708534,22.423445
3977,7.392218,10.127979
3978,3.787088,12.915186
3979,6.8998165,16.222267
3980,4.307831,16.594685
3981,4.0027966,13.847134
3982,3.3980162,13.52601
3983,9.073115,27.787798
3984,1.4958475,19.626068
3985,4.62591,36.692062
3986,6.680628,22.451324
3987,3.050025,20.538029
3988,9.969963,24.044165
3989,6.212126,18.348585
3990,4.522651,15.070005
3991,3.8692217,15.535596
3992,2.7558045,14.476248
3993,6.3127213,12.025829
3994,6.8339834,19.081753
3995,4.530761,28.605791
3996,5.2479644,18.201487
3997,2.0298748,10.64042
3998,5.955526,14.61488
3999,4.1390753,19.971178
4000,5.1574697,33.326893
4001,7.450503,13.223936
4002,4.162634,24.168716
4003,7.117266,20.443056
4004,3.8136048,21.330952
4005,4.603084,38.00796
4006,3.8162148,28.041454
4007,5.0685215,24.121132
4008,6.7948003,9.97537
4009,3.5262647,16.926037
4010,5.058544,20.491447
4011,5.059726,17.098318
4012,5.7348833,15.927489
4013,5.66185,20.583658
4014,5.242521,25.647282
4015,2.5042596,28.218935
4016,7.169256,22.700432
4017,3.0297399,7.5922213
4018,2.3288243,23.442158
4019,5.3803215,19.769405
4020,6.0571055,20.649265
4021,3.9547281,21.609879
4022,4.2522798,23.422163
4023,3.5655608,22.654758
4024,3.125177,17.984024
4025,6.192714,18.067158
4026,0.329184,17.704485
4027,7.7647686,23.157715
4028,3.2937255,30.876234
4029,2.9426837,17.17926
4030,4.8471093,18.085876
4031,7.027958,27.40901
4032,3.140963,20.05368
4033,8.783691,21.070738
4034,6.0008087,13.844725
4035,3.96724,25.141972
4036,1.6590525,25.035938
4037,3.8908765,21.016401
4038,6.3250504,17.587505
4039,5.130703,26.936295
4040,5.922179,13.589366
4041,5.3137655,19.016356
4042,4.1725583,14.259881
4043,8.08176,33.162357
4044,6.9083524,20.23298
4045,1.2170551,20.432997
4046,3.9615827,9.057943
4047,2.975819,18.00427
4048,3.8178215,20.956944
4049,5.238924,15.404045
4050,6.3612375,21.168943
4051,5.924996,22.846401
4052,3.7613158,20.163946
4053,8.892423,21.220192
4054,0.6032045,17.900032
4055,1.9316952,18.08081
4056,5.60951,21.996574
4057,3.6744957,20.076
4058,4.6865883,28.031063
4059,6.1553125,16.185566
4060,8.078243,17.328022
4061,4.5419254,21.450716
4062,3.746399,22.399492
4063,11.384933,24.214659
4064,4.703512,12.952226
4065,5.741039,26.274101
4066,8.34414,14.907114
4067,10.321722,17.046082
4068,5.5920258,19.103561
4069,6.750099,25.39087
4070,4.7479467,16.191547
4071,7.4301515,17.790754
4072,4.517489,13.423373
4073,5.6435614,16.84457
4074,8.809706,17.012058
4075,3.086029,16.088959
4076,4.4163837,16.298527
4077,5.6402626,15.140944
4078,3.18359,21.780727
4079,5.5707655,14.502161
4080,3.1881804,14.358746
4081,5.9790664,23.167305
4082,8.180461,15.22243
4083,4.623826,12.268121
4084,2.9563334,24.600681
4085,3.2219467,11.133764
4086,8.817545,13.496202
4087,7.4490914,12.423663
4088,6.735837,17.343204
4089,7.196656,26.972263
4090,3.2754092,25.928934
4091,7.4393215,22.906563
4092,5.5472183,8.334621
4093,4.2361765,17.519203
4094,7.1739655,20.807783
4095,3.9602804,14.933648
4096,2.947538,17.284065
4097,4.186764,16.288336
4098,8.088472,24.461113
4099,4.4219217,14.024864
4100,9.746969,14.72218
4101,5.961895,20.19666
4102,3.6782448,28.657986
4103,4.4096828,26.342638
4104,4.3155375,14.85706
4105,2.170583,14.624548
4106,3.7650344,29.57576
4107,3.2177892,28.6558
4108,4.2059507,28.143606
4109,7.7064905,14.9035225
4110,5.5339403,24.447224
4111,3.6156344,7.7457743
4112,5.6657615,25.665613
4113,1.8504941,25.74504
4114,5.9120407,10.769949
4115,6.0114083,15.136572
4116,3.4602718,18.427292
4117,8.222557,23.198631
4118,9.68605,35.971825
4119,8.378437,22.118843
4120,5.493851,21.73338
4121,3.9350796,28.583057
4122,7.0250463,14.303863
4123,3.9183104,26.1585
4124,8.386381,26.026878
4125,6.552533,22.53511
4126,6.901892,23.179296
4127,7.1528378,22.670723
4128,8.126144,21.611095
4129,3.9965003,21.19701
4130,7.982654,24.824316
4131,8.214603,18.311161
4132,4.0669603,23.491837
4133,2.1479921,20.267302
4134,3.510991,23.1823
4135,8.68851,16.28453
4136,2.706647,22.48924
4137,5.901561,20.002314
4138,4.2228146,15.314537
4139,5.154931,24.472204
4140,3.1357756,20.512762
4141,5.4736905,18.43228
4142,2.5416565,17.76242
4143,4.7699447,18.419037
4144,5.015957,14.144409
4145,5.5662837,10.935337
4146,4.8183565,23.712849
4147,6.179504,23.538462
4148,3.458929,19.419912
4149,8.375897,9.655899
4150,3.84417,21.94065
4151,4.0191345,23.35219
4152,4.16992,25.481503
4153,3.2267952,25.520748
4154,3.2267025,16.043797
4155,4.300306,13.435318
4156,3.3001184,11.052929
4157,1.8213649,17.97939
4158,7.164416,15.109995
4159,4.5037684,20.512108
4160,4.2865205,17.30746
4161,4.997715,16.652584
4162,3.5143468,16.537313
4163,6.161339,21.349718
4164,5.0161023,32.58937
4165,7.044154,18.810606
4166,6.9372253,26.771614
4167,4.806132,13.709268
4168,3.234807,12.094564
4169,2.2845569,14.451443
4170,7.920842,29.577774
4171,3.790235,18.549778
4172,5.2306633,22.416677
4173,2.53397,16.307362
4174,7.212043,22.377293
4175,5.6794963,31.260063
4176,7.975706,26.177639
4177,5.966013,24.353428
4178,6.780305,20.516768
4179,6.069453,32.545376
4180,3.4652126,16.3909
4181,4.0778418,30.551552
4182,7.246448,30.611614
4183,8.984782,26.090698
4184,3.2923622,31.943634
4185,5.1881337,10.290232
4186,8.149289,17.721983
4187,5.6010513,24.186115
4188,4.811048,33.434814
4189,5.541789,21.841454
4190,2.8406131,10.808281
4191,8.000647,24.325075
4192,6.837169,22.110275
4193,6.216259,22.716162
4194,3.5700984,23.508253
4195,3.6970048,20.360264
4196,3.8520896,15.725458
4197,3.0645185,21.462095
4198,7.3820424,29.42446
4199,4.345072,16.86419
4200,6.6197596,16.45534
4201,5.5312295,18.4254
4202,5.3429546,20.564587
4203,7.1825914,21.488174
4204,3.3709126,10.930147
4205,3.9975607,18.247414
4206,8.073343,31.67796
4207,3.7317772,8.87184
4208,8.171817,12.2932205
4209,5.7046185,20.129644
4210,4.547326,26.4402
4211,4.230307,16.366398
4212,3.6015973,12.734506
4213,4.16803,15.518673
4214,3.45733,31.838478
4215,5.6512375,14.550192
4216,5.4188375,12.524448
4217,3.4639475,20.812323
4218,8.932929,20.10216
4219,5.623875,24.009216
4220,11.960079,16.23682
4221,5.1804247,14.307776
4222,6.148902,16.813234
4223,2.2289777,16.024448
4224,4.1529026,19.519117
4225,4.726854,12.685749
4226,2.268045,20.626335
4227,5.21348,19.6398
4228,5.1147614,25.497385
4229,3.2876759,17.513435
4230,7.568421,22.8968
4231,5.069955,8.871717
4232,4.163555,13.912252
4233,5.6162243,12.525361
4234,3.0390444,19.511345
4235,4.1062527,17.086847
4236,4.841779,20.305248
4237,10.533864,23.07956
4238,6.7881775,19.83216
4239,5.9145956,28.417912
4240,4.8957787,26.97406
4241,7.745941,23.32935
4242,4.108177,18.14378
4243,3.4942896,24.657452
4244,6.1458874,27.924202
4245,10.480541,28.338089
4246,2.8740005,19.039467
4247,4.092287,27.29671
4248,3.058824,16.248543
4249,10.058033,20.738377
4250,2.7540255,20.046122
4251,4.933606,27.697132
4252,7.152697,16.875996
4253,4.174096,22.975603
4254,4.546979,30.06308
4255,6.277124,20.142525
4256,5.689725,24.125908
4257,3.018842,29.618057
4258,5.7615767,17.128357
4259,6.04225,21.373108
4260,2.103022,21.49982
4261,4.993825,12.584807
4262,5.2487817,21.022894
4263,3.5461082,21.445507
4264,3.775815,18.616463
4265,4.5626926,25.858208
4266,6.115823,24.713785
4267,9.092333,18.04457
4268,4.9414997,12.167906
4269,5.149362,21.496538
4270,8.7534485,29.876778
4271,4.4662237,25.649343
4272,6.8469167,14.151592
4273,7.004129,16.383701
4274,4.906368,17.518448
4275,4.3446665,26.511639
4276,5.586418,26.858593
4277,4.287944,22.038326
4278,4.7017474,26.32113
4279,5.776056,26.493063
4280,3.1746125,19.932201
4281,5.4259367,13.092512
4282,7.6714306,26.398617
4283,4.7638283,19.972519
4284,9.29987,28.171906
4285,5.0418143,8.89236
4286,3.1538358,10.659467
4287,6.3943644,12.778715
4288,6.556683,32.462227
4289,5.611662,14.954703
4290,3.1187966,12.4791355
4291,6.780673,13.384781
4292,3.215154,25.949562
4293,4.0269012,17.55754
4294,4.521249,28.9674
4295,1.8946232,11.635595
4296,4.115235,24.804132
4297,5.008111,23.584244
4298,5.165227,19.849922
4299,3.8009539,10.177206
4300,6.325091,23.37593
4301,4.41953,23.185303
4302,5.299031,21.099258
4303,6.951477,23.136856
4304,6.9259186,24.971655
4305,3.6941216,15.776582
4306,6.480415,26.677204
4307,1.8864322,19.659435
4308,5.589859,37.55311
4309,1.9369018,30.67065
4310,8.873402,13.936119
4311,4.993436,31.350828
4312,4.8059998,18.501842
4313,6.060813,24.336712
4314,4.1002097,16.260876
4315,4.520423,10.333707
4316,5.7096624,14.428312
4317,2.6658797,7.106692
4318,8.01247,21.85542
4319,3.3628545,23.883503
4320,3.6532216,11.34995
4321,7.8658276,33.726192
4322,5.512748,14.730703
4323,5.8668985,10.854418
4324,6.5250187,19.01289
4325,3.6593122,19.82421
4326,8.746535,34.165504
4327,5.3318243,14.270399
4328,3.3103085,18.25102
4329,3.419434,7.175976
4330,5.142023,22.994595
4331,7.0705833,15.036243
4332,5.1472635,22.906801
4333,2.5468197,28.76099
4334,6.0312557,10.646517
4335,3.0971239,29.297283
4336,4.2540793,18.85234
4337,3.9161468,26.96297
4338,4.792798,13.92495
4339,6.547799,14.47867
4340,7.488678,23.195452
4341,2.580532,17.387682
4342,6.385314,18.229296
4343,3.2410693,21.58751
4344,4.0512705,17.607601
4345,4.3475876,14.659767
4346,6.436245,27.244396
4347,5.2942142,16.821053
4348,6.27,21.082758
4349,3.7805033,15.397122
4350,6.0658417,14.782556
4351,10.072487,17.968838
4352,2.9868612,19.68393
4353,5.769719,17.388296
4354,6.7939034,20.527403
4355,6.168846,20.695833
4356,2.1002893,25.120766
4357,7.4845634,16.506641
4358,9.891971,16.922243
4359,6.2249594,30.751038
4360,3.8812542,12.887471
4361,4.059245,13.4554
4362,8.352084,21.059967
4363,1.8108208,24.708284
4364,4.28431,25.034199
4365,1.1085576,15.523977
4366,6.144831,19.079208
4367,7.2932405,26.050766
4368,5.649617,32.02024
4369,5.4178553,13.1944065
4370,2.0529835,12.9888935
4371,3.9819858,10.226281
4372,1.6962563,10.998931
4373,4.101638,24.122993
4374,6.157366,20.878403
4375,4.944633,26.611603
4376,5.490336,14.449255
4377,3.5880775,20.631435
4378,7.0927796,19.65099
4379,1.2693622,20.07537
4380,5.4876456,24.394197
4381,3.385164,21.212658
4382,6.389742,13.663525
4383,6.003961,15.13307
4384,7.1950517,19.793556
4385,5.7648664,16.770943
4386,5.653557,30.509127
4387,6.562283,27.320343
4388,5.438019,17.619986
4389,5.181443,12.650042
4390,5.3027973,15.068649
4391,7.042412,16.425333
4392,3.8334746,17.457954
4393,2.2697105,11.406674
4394,9.36934,28.695627
4395,5.940984,31.266365
4396,2.5284963,24.089844
4397,4.096689,22.848398
4398,4.5352826,29.368633
4399,4.00391,23.618107
4400,3.5128179,14.193937
4401,7.002037,29.551048
4402,1.9372122,20.063206
4403,5.3725586,15.235165
4404,2.4480696,26.338673
4405,9.8110285,20.707565
4406,4.7780952,16.559776
4407,5.6021194,17.750427
4408,4.3135514,16.26577
4409,4.1528177,15.830361
4410,7.203584,13.410431
4411,7.249905,32.347088
4412,1.8995062,10.32244
4413,7.7670937,17.13776
4414,3.6831465,12.06803
4415,6.2765064,19.265604
4416,1.790724,14.936771
4417,9.306988,25.754116
4418,3.8190773,13.669778
4419,4.3554263,19.629852
4420,5.193749,14.305336
4421,4.575409,14.137382
4422,4.838666,19.21273
4423,8.110102,18.875523
4424,2.1507473,27.187132
4425,1.8594518,16.539242
4426,6.7509556,10.332194
4427,4.181074,20.871218
4428,7.556486,18.657528
4429,5.719406,22.923119
4430,6.24035,21.615635
4431,1.686887,22.395725
4432,2.735342,18.561304
4433,5.9225454,23.47192
4434,4.4265265,23.731033
4435,4.417592,18.48049
4436,3.5594754,17.215416
4437,8.975391,21.264225
4438,8.447836,26.645817
4439,2.5571811,9.914181
4440,4.876612,25.820606
4441,2.5763717,18.290936
4442,3.3435278,18.950047
4443,5.6710377,18.728203
4444,5.0176916,20.57519
4445,7.079937,20.574764
4446,7.482203,23.044544
4447,5.4891825,18.222597
4448,6.3930526,11.122534
4449,4.082899,25.402172
4450,3.784381,14.568828
4451,2.6018734,21.663315
4452,7.80546,16.847696
4453,5.7891326,22.796436
4454,4.373869,24.70852
4455,4.6882935,23.329472
4456,3.011357,30.711405
4457,3.74222,9.600696
4458,4.492713,27.407219
4459,7.771741,17.299679
4460,4.4096828,19.850231
4461,2.285664,15.879347
4462,5.2126546,26.11058
4463,3.4400582,23.471666
4464,2.2819772,22.334494
4465,5.7838416,19.229914
4466,4.904651,19.169888
4467,5.673395,21.388998
4468,6.5712976,21.99942
4469,4.578168,19.024271
4470,4.334112,23.80217
4471,4.51293,17.77441
4472,5.2099895,24.826912
4473,5.2748346,13.994212
4474,8.096547,18.392733
4475,5.314308,19.721498
4476,4.2202816,19.785938
4477,2.6853473,11.143912
4478,7.9203243,20.372707
4479,4.2808013,17.625116
4480,9.244417,24.275665
4481,4.299677,27.332558
4482,2.8593397,8.316784
4483,4.8611727,24.882404
4484,7.4254446,18.391869
4485,4.7123814,25.452938
4486,3.11318,8.877673
4487,6.2584,8.780138
4488,5.940714,22.10572
4489,7.409709,17.09486
4490,3.6915407,12.82807
4491,10.095739,31.317785
4492,3.2830672,15.002636
4493,9.417189,18.139261
4494,3.575357,15.04952
4495,1.6156187,14.684241
4496,6.6074057,17.60673
4497,3.8678114,21.084774
4498,3.562189,20.740467
4499,7.3297987,19.891865
4500,3.762672,24.416
4501,4.0134425,18.209003
4502,3.240932,12.534919
4503,4.11687,23.202461
4504,4.3524866,12.52375
4505,4.26563,25.053164
4506,7.645833,14.525135
4507,2.0843651,21.119358
4508,7.985732,20.696093
4509,5.50548,17.060772
4510,5.71128,17.194578
4511,6.5859537,21.454254
4512,4.509182,25.069456
4513,1.6429857,15.263704
4514,7.3113728,23.89085
4515,6.42688,27.66338
4516,4.4706883,20.603592
4517,8.063748,11.188734
4518,5.2547526,26.52414
4519,4.3640714,22.78915
4520,6.980905,14.684147
4521,4.857685,18.350779
4522,3.6664863,13.183419
4523,5.660679,22.753326
4524,6.659098,18.820114
4525,4.7772665,16.746058
4526,4.923999,18.907768
4527,4.6239257,14.597944
4528,9.2940445,25.8219
4529,7.1633534,21.1115
4530,4.5073366,12.409673
4531,1.7677628,20.397785
4532,4.1799364,25.822012
4533,6.096629,23.162346
4534,6.0508723,16.62491
4535,6.4539104,19.825989
4536,7.4037414,16.365622
4537,5.7482495,25.336975
4538,4.8200316,17.791958
4539,8.597941,12.88331
4540,6.0272503,22.40275
4541,4.8736305,13.729223
4542,7.5557356,21.86372
4543,5.664511,12.455948
4544,4.1080637,21.384474
4545,3.934198,16.51244
4546,5.0774384,20.246822
4547,2.2570834,18.05523
4548,3.223064,19.174568
4549,5.0925283,18.462704
4550,6.4463987,16.221699
4551,5.0751863,26.968967
4552,2.6795907,18.544634
4553,3.8971071,17.926682
4554,5.260381,13.249718
4555,7.8828926,12.51396
4556,7.9284163,22.20464
4557,9.312607,22.181532
4558,6.435316,15.621804
4559,6.482667,21.059938
4560,3.3670769,11.856598
4561,7.246545,11.03554
4562,4.445828,25.87143
4563,5.5652285,16.715633
4564,2.9703178,27.680952
4565,4.3685427,16.76123
4566,4.6966286,19.565466
4567,2.9656925,15.612566
4568,6.067598,22.290668
4569,5.285375,16.659521
4570,7.223687,20.624922
4571,3.79731,25.955988
4572,3.5809257,19.343304
4573,3.8391626,14.779403
4574,4.927575,15.884329
4575,6.3010373,25.705723
4576,5.545369,25.534376
4577,7.7642097,24.40213
4578,5.047197,16.366442
4579,8.968973,24.545221
4580,3.9330516,5.073298
4581,4.697804,27.152378
4582,4.321637,22.213898
4583,5.0557785,16.903141
4584,7.279017,18.365294
4585,4.3779526,14.065804
4586,2.0680993,21.235683
4587,7.108261,18.385422
4588,4.301636,17.928034
4589,5.711381,17.075485
4590,5.6468644,20.430214
4591,3.8536038,13.185828
4592,9.402132,23.191938
4593,6.3603487,10.633898
4594,9.370613,22.816172
4595,2.5053132,19.350342
4596,7.304507,24.860119
4597,11.914743,24.904692
4598,3.048468,18.265766
4599,6.220642,24.695255
4600,7.1473927,22.741556
4601,7.9007907,20.799683
4602,3.5105968,9.433241
4603,3.1641264,19.68098
4604,4.324044,15.288891
4605,6.70663,20.752861
4606,3.4599795,17.318453
4607,5.6612415,20.888557
4608,2.7666492,20.821375
4609,4.618362,22.639357
4610,7.689084,14.670365
4611,3.3344882,24.335655
4612,7.753474,21.752934
4613,2.9333405,16.233767
4614,7.31215,24.065947
4615,4.2053504,19.502922
4616,3.9140453,16.610003
4617,6.8308816,18.375402
4618,4.97495,18.509445
4619,2.18086,7.682096
4620,1.7589254,20.82022
4621,4.546619,20.668324
4622,4.844871,21.8835
4623,2.6621895,16.320518
4624,2.6306367,16.931137
4625,7.546481,24.634075
4626,6.2847757,21.901333
4627,7.2136526,12.256604
4628,2.937883,20.65156
4629,4.4566274,5.90401
4630,8.252902,29.786037
4631,11.511581,24.484709
4632,4.158366,15.96312
4633,3.2459524,12.718554
4634,3.5817144,17.404045
4635,4.0223184,21.358057
4636,4.4188433,14.833842
4637,7.239773,34.360867
4638,4.5341163,37.80726
4639,3.758389,15.134838
4640,10.040314,22.491325
4641,9.185628,18.80867
4642,3.2811503,10.5605
4643,3.035293,12.209195
4644,7.7296286,13.317663
4645,4.220644,11.644167
4646,3.3455858,9.806917
4647,7.413705,19.728546
4648,6.2247524,26.291891
4649,5.00873,21.089382
4650,4.916423,23.962618
4651,6.3168654,14.577415
4652,1.2538078,8.127756
4653,6.7234154,17.018879
4654,3.6959743,14.179299
4655,6.487273,26.019182
4656,1.4222071,21.616034
4657,0.9309216,28.586758
4658,5.18097,27.954426
4659,4.0473604,16.588438
4660,5.630412,16.118427
4661,3.222311,18.262594
4662,8.024763,34.071938
4663,1.6115074,19.526686
4664,5.4513526,12.176675
4665,5.6877575,15.458517
4666,3.4750593,14.906447
4667,4.2276964,5.7181764
4668,7.5415654,20.156437
4669,7.19074,30.336044
4670,3.9573288,16.567295
4671,6.0828967,25.719597
4672,5.775639,22.12701
4673,4.603835,12.360687
4674,6.2185597,23.756397
4675,2.8242533,26.61886
4676,7.322349,23.181702
4677,2.7848291,15.13544
4678,6.768176,25.901426
4679,5.585154,20.243446
4680,9.021356,20.120068
4681,6.6907463,20.890297
4682,5.998021,18.472034
4683,5.7007675,15.918422
4684,11.150248,23.39444
4685,4.9351664,23.145
4686,2.3789878,12.995426
4687,6.414074,30.521091
4688,5.2610955,12.469034
4689,10.154472,23.60355
4690,4.321595,15.539435
4691,4.544802,15.713182
4692,8.815817,11.51285
4693,4.381722,27.564802
4694,4.045448,13.465595
4695,9.470399,19.258797
4696,7.4566245,9.483887
4697,3.5045385,10.532831
4698,5.8546205,11.991505
4699,5.132544,24.965685
4700,3.4074283,16.73562
4701,5.8485312,14.614515
4702,8.954883,25.010176
4703,4.5750103,14.008522
4704,3.083357,25.475979
4705,8.25898,26.696419
4706,6.1707435,11.152634
4707,10.598996,13.719171
4708,8.559377,24.80027
4709,2.6768422,16.629845
4710,1.5270059,27.640408
4711,9.372011,24.322636
4712,5.0975122,27.337254
4713,9.908192,10.367764
4714,2.8144498,14.305124
4715,7.7238574,23.54598
4716,6.266346,23.909077
4717,10.880763,19.196253
4718,4.6828527,24.980614
4719,5.1582384,19.482124
4720,4.815584,15.022148
4721,6.6088796,21.319296
4722,3.1419802,14.876979
4723,3.0158086,7.1905127
4724,1.4774297,21.320452
4725,12.5819645,16.576557
4726,4.9747057,21.449514
4727,5.7017775,27.930447
4728,3.6358354,25.597988
4729,3.4637723,21.59349
4730,5.8601246,20.964537
4731,3.2192845,22.930256
4732,5.780776,25.116756
4733,4.5321846,24.823494
4734,5.302059,22.274227
4735,2.8893323,20.74237
4736,2.3271766,14.768009
4737,2.6241937,25.295235
4738,5.391843,24.675282
4739,4.423759,20.423294
4740,4.253999,21.239353
4741,4.337328,11.379565
4742,5.7705665,17.934158
4743,4.355307,19.438854
4744,3.5803137,11.549784
4745,5.713055,11.860403
4746,4.017888,11.515114
4747,4.210371,13.392299
4748,3.6353762,26.050953
4749,7.102502,30.356586
4750,5.0897217,9.750591
4751,3.2320771,17.843655
4752,4.192707,12.257856
4753,5.518031,23.006632
4754,5.4573035,12.728558
4755,10.488546,19.975407
4756,4.603859,7.2719955
4757,4.057618,16.18299
4758,3.0507715,5.781892
4759,7.3198624,15.393579
4760,6.8490314,20.85699
4761,2.9406862,11.830982
4762,8.2764225,21.125526
4763,9.058587,20.31364
4764,4.7345486,18.199741
4765,8.264192,16.212952
4766,2.5239058,18.077568
4767,7.026602,28.11956
4768,4.9463615,16.35535
4769,4.8734717,12.845064
4770,4.550948,7.5670457
4771,9.626238,18.706793
4772,6.137383,19.560886
4773,2.6512415,22.82052
4774,4.859723,23.680328
4775,6.0107145,22.927567
4776,3.6654828,17.11866
4777,2.596639,15.08445
4778,4.4658546,16.80066
4779,2.76456,12.176592
4780,6.3816576,23.882957
4781,4.7341747,11.835557
4782,3.689805,22.692024
4783,3.9118996,26.013485
4784,4.2744513,16.030573
4785,3.5685987,14.849026
4786,7.2217207,30.003159
4787,2.6355743,13.5685005
4788,5.0772996,17.005253
4789,2.9720044,16.65045
4790,4.081375,5.993882
4791,2.2034187,28.699413
4792,4.214644,20.282703
4793,4.378188,13.853291
4794,4.1299405,14.57578
4795,3.3560255,18.392868
4796,3.022573,22.671268
4797,6.566884,27.810108
4798,4.677352,22.456947
4799,6.094888,11.891518
4800,3.8622847,16.536037
4801,6.6994467,19.908308
4802,5.447217,31.201992
4803,4.0529675,18.587032
4804,3.447648,18.13738
4805,7.6183667,25.43671
4806,4.1907077,21.46059
4807,7.0517197,26.360222
4808,3.9683213,28.873966
4809,4.2662897,20.677208
4810,7.7034225,26.65385
4811,8.372623,25.151867
4812,9.335932,17.185568
4813,6.0551195,20.758068
4814,5.467882,17.14767
4815,5.306674,19.18808
4816,5.186357,25.231512
4817,3.055955,14.021732
4818,3.2177281,13.764294
4819,1.739202,16.01779
4820,7.6236954,12.725999
4821,3.8145847,18.52565
4822,5.3504643,29.023037
4823,7.3274965,32.99644
4824,6.7912226,18.986532
4825,5.554784,26.95501
4826,5.3119106,18.920578
4827,4.2338076,25.555532
4828,5.21208,17.66848
4829,7.9884157,14.662961
4830,4.875688,12.977967
4831,5.7870626,30.874477
4832,4.2849574,29.186394
4833,5.3259025,19.59933
4834,4.672182,19.05514
4835,5.53463,13.186745
4836,8.342207,25.338612
4837,2.425273,26.906986
4838,4.911686,18.763802
4839,3.7759233,29.309109
4840,7.365054,21.668276
4841,5.014053,15.293261
4842,7.5768013,22.812763
4843,7.1212673,15.173974
4844,4.618655,18.118681
4845,3.2629018,29.914436
4846,8.768521,22.020926
4847,5.0949764,16.718792
4848,5.1654353,21.553593
4849,3.7325773,17.696629
4850,5.161964,20.01603
4851,9.319029,28.92489
4852,4.8050947,17.375313
4853,2.5189486,6.051821
4854,4.306369,25.055958
4855,4.4914546,14.754186
4856,3.7670674,12.782434
4857,5.434565,18.410313
4858,7.185092,13.244683
4859,5.3860416,10.163099
4860,6.889502,18.144989
4861,5.3785925,13.854261
4862,2.3354614,15.596461
4863,2.5564017,13.893879
4864,6.784709,27.47619
4865,7.658678,19.774319
4866,3.971692,17.768719
4867,3.2349663,16.879875
4868,4.2632527,23.514997
4869,10.182322,18.021626
4870,3.01296,19.959246
4871,4.426776,13.144813
4872,3.8958192,21.635052
4873,4.531653,20.61668
4874,7.685197,21.934717
4875,9.457104,35.209198
4876,1.7809563,16.421347
4877,4.7835493,24.261238
4878,3.1494303,16.512882
4879,6.70053,26.796644
4880,2.9854708,16.492916
4881,2.6035223,22.104954
4882,7.1088295,18.672314
4883,5.4179897,20.551525
4884,5.069455,20.376724
4885,5.5693297,26.846964
4886,4.6436357,34.92141
4887,4.8041687,33.955307
4888,4.619042,16.62499
4889,3.6945648,17.615133
4890,4.696499,17.990381
4891,7.9990683,16.784973
4892,2.9054394,30.550743
4893,7.2262297,22.941563
4894,5.0371532,17.812214
4895,5.476672,12.694981
4896,3.6164622,25.697987
4897,2.885963,30.529758
4898,6.306393,16.550177
4899,2.7647352,11.714621
4900,8.73056,26.957298
4901,2.1819918,22.286364
4902,6.856467,17.324223
4903,4.564405,13.257044
4904,4.968503,23.858864
4905,2.1938047,19.41343
4906,3.2829561,18.13843
4907,4.788029,30.177223
4908,3.1528993,30.217562
4909,3.3985248,21.237743
4910,2.2597795,23.964993
4911,3.0726724,29.162651
4912,5.084584,25.22515
4913,4.119853,15.299695
4914,4.208922,14.574289
4915,5.4139986,17.650646
4916,6.691758,17.216516
4917,4.4435363,15.621445
4918,3.4310675,22.596619
4919,4.371687,26.613667
4920,3.3790057,15.003197
4921,7.210582,23.440342
4922,4.2417793,18.905544
4923,3.2107778,21.25867
4924,6.414276,15.042092
4925,2.690109,25.621067
4926,4.103437,20.586658
4927,6.401924,19.381714
4928,5.003933,15.674133
4929,12.3937645,20.997208
4930,8.826111,8.491315
4931,7.2598133,18.337051
4932,4.2038803,20.433987
4933,2.8850787,22.748333
4934,5.163252,13.545946
4935,4.4640083,29.113525
4936,3.8214324,17.462406
4937,5.6920605,25.523731
4938,5.207253,10.622006
4939,2.9130468,18.55273
4940,4.3704977,24.309244
4941,4.978557,17.878128
4942,4.7864966,11.153668
4943,2.1768694,17.164106
4944,5.2917824,26.827667
4945,5.1308107,25.611275
4946,6.3964863,20.140682
4947,2.6935923,30.868404
4948,9.346653,20.508005
4949,2.4355361,18.336088
4950,6.6356745,20.119148
4951,1.332506,10.086462
4952,5.4555044,8.7050295
4953,4.437267,30.41592
4954,3.724123,24.17955
4955,3.8993185,18.55423
4956,7.6779776,20.041378
4957,2.5802755,19.641357
4958,3.6677585,14.016842
4959,7.373187,20.214632
4960,3.2482934,10.012072
4961,7.0758433,21.10713
4962,5.505009,10.090208
4963,5.4242125,12.579935
4964,5.8864017,17.199081
4965,4.8857565,28.452278
4966,3.917436,15.126776
4967,7.5105147,20.812891
4968,4.9875474,12.946377
4969,7.068461,16.971382
4970,6.919627,16.38777
4971,5.5140886,11.442714
4972,4.4013915,16.12069
4973,4.5027366,17.699276
4974,3.4571,6.342006
4975,12.876079,26.970757
4976,3.173985,22.037767
4977,7.198606,21.249569
4978,4.0659356,9.870609
4979,5.7816057,25.782686
4980,6.7364244,27.535345
4981,3.9571464,20.22818
4982,4.252891,20.978466
4983,3.0417008,20.504156
4984,3.129561,19.988382
4985,1.0081449,16.132801
4986,3.6823134,17.99889
4987,4.5017056,14.27529
4988,6.118105,30.59672
4989,2.2853882,21.580357
4990,5.3789577,25.782896
4991,4.7874446,15.234283
4992,5.254045,29.646826
4993,4.487315,18.654915
4994,5.9624815,14.703482
4995,5.798081,21.909582
4996,3.0912375,11.071747
4997,9.026043,19.186451
4998,3.883902,26.769733
4999,3.0014653,20.96759
